-- version 7.2.15

-- Table CODELIST
INSERT INTO codelist (codelist_id, el_id, codelist_name, codelist_domain, inspire) VALUES (2408, 700, 'otherRestrictions', '8', 1);
INSERT INTO codelist (codelist_id, el_id, codelist_name, codelist_domain, inspire) VALUES (2502, 1460, 'attributeType', '2', 0);
INSERT INTO codelist (codelist_id, el_id, codelist_name, codelist_domain, inspire) VALUES (2503, 1460, 'collectionHardware', '3', 0);
INSERT INTO codelist (codelist_id, el_id, codelist_name, codelist_domain, inspire) VALUES (2504, 1460, 'collectionSession', '4', 0);
INSERT INTO codelist (codelist_id, el_id, codelist_name, codelist_domain, inspire) VALUES (2507, 1460, 'nonGeographicDataset', '7', 0);
INSERT INTO codelist (codelist_id, el_id, codelist_name, codelist_domain, inspire) VALUES (2508, 1460, 'dimensionGroup', '8', 0);
INSERT INTO codelist (codelist_id, el_id, codelist_name, codelist_domain, inspire) VALUES (2509, 1460, 'feature', '9', 0);
INSERT INTO codelist (codelist_id, el_id, codelist_name, codelist_domain, inspire) VALUES (2510, 1460, 'featureType', '10', 0);
INSERT INTO codelist (codelist_id, el_id, codelist_name, codelist_domain, inspire) VALUES (2511, 1460, 'propertyType', '11', 0);
INSERT INTO codelist (codelist_id, el_id, codelist_name, codelist_domain, inspire) VALUES (2512, 1460, 'fieldSession', '12', 0);
INSERT INTO codelist (codelist_id, el_id, codelist_name, codelist_domain, inspire) VALUES (2513, 1460, 'software', '13', 0);
INSERT INTO codelist (codelist_id, el_id, codelist_name, codelist_domain, inspire) VALUES (2515, 1460, 'model', '15', 0);
INSERT INTO codelist (codelist_id, el_id, codelist_name, codelist_domain, inspire) VALUES (2516, 1460, 'tile', '16', 0);
INSERT INTO codelist (codelist_id, el_id, codelist_name, codelist_domain, inspire) VALUES (30211, 30210, 'loose', NULL, 1);
INSERT INTO codelist (codelist_id, el_id, codelist_name, codelist_domain, inspire) VALUES (30212, 30210, 'mixed', NULL, 1);
INSERT INTO codelist (codelist_id, el_id, codelist_name, codelist_domain, inspire) VALUES (30213, 30210, 'tight', NULL, 1);
INSERT INTO codelist (codelist_id, el_id, codelist_name, codelist_domain, inspire) VALUES (63221, 390, 'Latvian', 'lav', 1);
INSERT INTO codelist (codelist_id, el_id, codelist_name, codelist_domain, inspire) VALUES (100087, 10008, 'PhysicalObject', NULL, 1);
INSERT INTO codelist (codelist_id, el_id, codelist_name, codelist_domain, inspire) VALUES (100091, 10008, 'StillImage', NULL, 1);
INSERT INTO codelist (codelist_id, el_id, codelist_name, codelist_domain, inspire) VALUES (63114, 390, 'Estonian', 'est', 1);
INSERT INTO codelist (codelist_id, el_id, codelist_name, codelist_domain, inspire) VALUES (63093, 390, 'Danish', 'dan', 1);
INSERT INTO codelist (codelist_id, el_id, codelist_name, codelist_domain, inspire) VALUES (63120, 390, 'Finnish', 'fin', 1);
INSERT INTO codelist (codelist_id, el_id, codelist_name, codelist_domain, inspire) VALUES (63163, 390, 'Hungarian', 'hun', 1);
INSERT INTO codelist (codelist_id, el_id, codelist_name, codelist_domain, inspire) VALUES (63224, 390, 'Lithuanian', 'lit', 1);
INSERT INTO codelist (codelist_id, el_id, codelist_name, codelist_domain, inspire) VALUES (63255, 390, 'Maltese', 'mlt', 1);
INSERT INTO codelist (codelist_id, el_id, codelist_name, codelist_domain, inspire) VALUES (63281, 390, 'Norwegian', 'nor', 1);
INSERT INTO codelist (codelist_id, el_id, codelist_name, codelist_domain, inspire) VALUES (63313, 390, 'Portuguese', 'por', 1);
INSERT INTO codelist (codelist_id, el_id, codelist_name, codelist_domain, inspire) VALUES (63324, 390, 'Romanian', 'rum', 1);
INSERT INTO codelist (codelist_id, el_id, codelist_name, codelist_domain, inspire) VALUES (63349, 390, 'Slovak', 'slo', 1);
INSERT INTO codelist (codelist_id, el_id, codelist_name, codelist_domain, inspire) VALUES (63350, 390, 'Slovenian', 'slv', 1);
INSERT INTO codelist (codelist_id, el_id, codelist_name, codelist_domain, inspire) VALUES (63365, 390, 'Spanish', 'spa', 1);
INSERT INTO codelist (codelist_id, el_id, codelist_name, codelist_domain, inspire) VALUES (63375, 390, 'Swedish', 'swe', 1);
INSERT INTO codelist (codelist_id, el_id, codelist_name, codelist_domain, inspire) VALUES (30001, 30011, 'discovery', NULL, 1);
INSERT INTO codelist (codelist_id, el_id, codelist_name, codelist_domain, inspire) VALUES (30002, 30011, 'view', NULL, 1);
INSERT INTO codelist (codelist_id, el_id, codelist_name, codelist_domain, inspire) VALUES (30003, 30011, 'download', NULL, 1);
INSERT INTO codelist (codelist_id, el_id, codelist_name, codelist_domain, inspire) VALUES (30004, 30011, 'transformation', NULL, 1);
INSERT INTO codelist (codelist_id, el_id, codelist_name, codelist_domain, inspire) VALUES (30005, 30011, 'invoke', NULL, 1);
INSERT INTO codelist (codelist_id, el_id, codelist_name, codelist_domain, inspire) VALUES (30006, 30011, 'other', NULL, 1);
INSERT INTO codelist (codelist_id, el_id, codelist_name, codelist_domain, inspire) VALUES (511, 3790, 'author', '11', 1);
INSERT INTO codelist (codelist_id, el_id, codelist_name, codelist_domain, inspire) VALUES (601, 1030, 'directInternal', '1', 1);
INSERT INTO codelist (codelist_id, el_id, codelist_name, codelist_domain, inspire) VALUES (602, 1030, 'directExternal', '2', 1);
INSERT INTO codelist (codelist_id, el_id, codelist_name, codelist_domain, inspire) VALUES (603, 1030, 'indirect', '3', 1);
INSERT INTO codelist (codelist_id, el_id, codelist_name, codelist_domain, inspire) VALUES (701, 664, 'crossReference', '1', 1);
INSERT INTO codelist (codelist_id, el_id, codelist_name, codelist_domain, inspire) VALUES (702, 664, 'largerWorkCitation', '2', 1);
INSERT INTO codelist (codelist_id, el_id, codelist_name, codelist_domain, inspire) VALUES (703, 664, 'partOfSeamlessDatabase', '3', 1);
INSERT INTO codelist (codelist_id, el_id, codelist_name, codelist_domain, inspire) VALUES (704, 664, 'source', '4', 1);
INSERT INTO codelist (codelist_id, el_id, codelist_name, codelist_domain, inspire) VALUES (705, 664, 'stereoMate', '5', 1);
INSERT INTO codelist (codelist_id, el_id, codelist_name, codelist_domain, inspire) VALUES (801, 665, 'campaign', '1', 1);
INSERT INTO codelist (codelist_id, el_id, codelist_name, codelist_domain, inspire) VALUES (802, 665, 'collection', '2', 1);
INSERT INTO codelist (codelist_id, el_id, codelist_name, codelist_domain, inspire) VALUES (803, 665, 'exercise', '3', 1);
INSERT INTO codelist (codelist_id, el_id, codelist_name, codelist_domain, inspire) VALUES (804, 665, 'experiment', '4', 1);
INSERT INTO codelist (codelist_id, el_id, codelist_name, codelist_domain, inspire) VALUES (805, 665, 'investigation', '5', 1);
INSERT INTO codelist (codelist_id, el_id, codelist_name, codelist_domain, inspire) VALUES (806, 665, 'mission', '6', 1);
INSERT INTO codelist (codelist_id, el_id, codelist_name, codelist_domain, inspire) VALUES (807, 665, 'sensor', '7', 1);
INSERT INTO codelist (codelist_id, el_id, codelist_name, codelist_domain, inspire) VALUES (808, 665, 'operation', '8', 1);
INSERT INTO codelist (codelist_id, el_id, codelist_name, codelist_domain, inspire) VALUES (809, 665, 'platform', '9', 1);
INSERT INTO codelist (codelist_id, el_id, codelist_name, codelist_domain, inspire) VALUES (810, 665, 'process', '10', 1);
INSERT INTO codelist (codelist_id, el_id, codelist_name, codelist_domain, inspire) VALUES (815, 665, 'trial', '15', 1);
INSERT INTO codelist (codelist_id, el_id, codelist_name, codelist_domain, inspire) VALUES (901, 1600, 'point', '1', 1);
INSERT INTO codelist (codelist_id, el_id, codelist_name, codelist_domain, inspire) VALUES (902, 1600, 'area', '2', 1);
INSERT INTO codelist (codelist_id, el_id, codelist_name, codelist_domain, inspire) VALUES (1004, 400, 'utf8', '4', 1);
INSERT INTO codelist (codelist_id, el_id, codelist_name, codelist_domain, inspire) VALUES (1311, 3130, 'metaClass', '11', 1);
INSERT INTO codelist (codelist_id, el_id, codelist_name, codelist_domain, inspire) VALUES (1905, 2960, 'iso9660RockRidge', '5', 1);
INSERT INTO codelist (codelist_id, el_id, codelist_name, codelist_domain, inspire) VALUES (201, 3950, 'creation', '1', 1);
INSERT INTO codelist (codelist_id, el_id, codelist_name, codelist_domain, inspire) VALUES (202, 3950, 'publication', '2', 1);
INSERT INTO codelist (codelist_id, el_id, codelist_name, codelist_domain, inspire) VALUES (203, 3950, 'revision', '3', 1);
INSERT INTO codelist (codelist_id, el_id, codelist_name, codelist_domain, inspire) VALUES (301, 4020, 'download', '1', 1);
INSERT INTO codelist (codelist_id, el_id, codelist_name, codelist_domain, inspire) VALUES (302, 4020, 'information', '2', 1);
INSERT INTO codelist (codelist_id, el_id, codelist_name, codelist_domain, inspire) VALUES (303, 4020, 'offlineAccess', '3', 1);
INSERT INTO codelist (codelist_id, el_id, codelist_name, codelist_domain, inspire) VALUES (304, 4020, 'order', '4', 1);
INSERT INTO codelist (codelist_id, el_id, codelist_name, codelist_domain, inspire) VALUES (305, 4020, 'search', '5', 1);
INSERT INTO codelist (codelist_id, el_id, codelist_name, codelist_domain, inspire) VALUES (401, 3680, 'documentDigital', '1', 1);
INSERT INTO codelist (codelist_id, el_id, codelist_name, codelist_domain, inspire) VALUES (402, 3680, 'documentHardcopy', '2', 1);
INSERT INTO codelist (codelist_id, el_id, codelist_name, codelist_domain, inspire) VALUES (403, 3680, 'imageDigital', '3', 1);
INSERT INTO codelist (codelist_id, el_id, codelist_name, codelist_domain, inspire) VALUES (1005, 400, 'utf16', '5', 1);
INSERT INTO codelist (codelist_id, el_id, codelist_name, codelist_domain, inspire) VALUES (1006, 400, '8859part1', '6', 1);
INSERT INTO codelist (codelist_id, el_id, codelist_name, codelist_domain, inspire) VALUES (1007, 400, '8859part2', '7', 1);
INSERT INTO codelist (codelist_id, el_id, codelist_name, codelist_domain, inspire) VALUES (1008, 400, '8859part3', '8', 1);
INSERT INTO codelist (codelist_id, el_id, codelist_name, codelist_domain, inspire) VALUES (10, 1, '0', '0', 1);
INSERT INTO codelist (codelist_id, el_id, codelist_name, codelist_domain, inspire) VALUES (11, 1, '1', '1', 1);
INSERT INTO codelist (codelist_id, el_id, codelist_name, codelist_domain, inspire) VALUES (63311, 390, 'Polish', 'pol', 1);
INSERT INTO codelist (codelist_id, el_id, codelist_name, codelist_domain, inspire) VALUES (100085, 10008, 'InteractiveResource', NULL, 1);
INSERT INTO codelist (codelist_id, el_id, codelist_name, codelist_domain, inspire) VALUES (100093, 10008, 'Project', NULL, 1);
INSERT INTO codelist (codelist_id, el_id, codelist_name, codelist_domain, inspire) VALUES (100086, 10008, 'MovingImage', NULL, 1);
INSERT INTO codelist (codelist_id, el_id, codelist_name, codelist_domain, inspire) VALUES (30102, 30102, 'Corba', NULL, 1);
INSERT INTO codelist (codelist_id, el_id, codelist_name, codelist_domain, inspire) VALUES (30103, 30102, 'XML', NULL, 1);
INSERT INTO codelist (codelist_id, el_id, codelist_name, codelist_domain, inspire) VALUES (30104, 30102, 'COM', NULL, 1);
INSERT INTO codelist (codelist_id, el_id, codelist_name, codelist_domain, inspire) VALUES (30105, 30102, 'SQL', NULL, 1);
INSERT INTO codelist (codelist_id, el_id, codelist_name, codelist_domain, inspire) VALUES (30106, 30102, 'WebServices', NULL, 1);
INSERT INTO codelist (codelist_id, el_id, codelist_name, codelist_domain, inspire) VALUES (30101, 30102, 'Java', NULL, 1);
INSERT INTO codelist (codelist_id, el_id, codelist_name, codelist_domain, inspire) VALUES (1310, 3130, 'unionClass', '10', 1);
INSERT INTO codelist (codelist_id, el_id, codelist_name, codelist_domain, inspire) VALUES (1312, 3130, 'typeClass', '12', 1);
INSERT INTO codelist (codelist_id, el_id, codelist_name, codelist_domain, inspire) VALUES (1313, 3130, 'characterString', '13', 1);
INSERT INTO codelist (codelist_id, el_id, codelist_name, codelist_domain, inspire) VALUES (1314, 3130, 'integer', '14', 1);
INSERT INTO codelist (codelist_id, el_id, codelist_name, codelist_domain, inspire) VALUES (1315, 3130, 'association', '15', 1);
INSERT INTO codelist (codelist_id, el_id, codelist_name, codelist_domain, inspire) VALUES (1401, 1800, 'row', '1', 1);
INSERT INTO codelist (codelist_id, el_id, codelist_name, codelist_domain, inspire) VALUES (1402, 1800, 'column', '2', 1);
INSERT INTO codelist (codelist_id, el_id, codelist_name, codelist_domain, inspire) VALUES (1403, 1800, 'vertical', '3', 1);
INSERT INTO codelist (codelist_id, el_id, codelist_name, codelist_domain, inspire) VALUES (1404, 1800, 'track', '4', 1);
INSERT INTO codelist (codelist_id, el_id, codelist_name, codelist_domain, inspire) VALUES (1405, 1800, 'crossTrack', '5', 1);
INSERT INTO codelist (codelist_id, el_id, codelist_name, codelist_domain, inspire) VALUES (1406, 1800, 'line', '6', 1);
INSERT INTO codelist (codelist_id, el_id, codelist_name, codelist_domain, inspire) VALUES (1407, 1800, 'sample', '7', 1);
INSERT INTO codelist (codelist_id, el_id, codelist_name, codelist_domain, inspire) VALUES (1408, 1800, 'time', '8', 1);
INSERT INTO codelist (codelist_id, el_id, codelist_name, codelist_domain, inspire) VALUES (1501, 1840, 'complex', '1', 1);
INSERT INTO codelist (codelist_id, el_id, codelist_name, codelist_domain, inspire) VALUES (1502, 1840, 'composite', '2', 1);
INSERT INTO codelist (codelist_id, el_id, codelist_name, codelist_domain, inspire) VALUES (1503, 1840, 'curve', '3', 1);
INSERT INTO codelist (codelist_id, el_id, codelist_name, codelist_domain, inspire) VALUES (1504, 1840, 'point', '4', 1);
INSERT INTO codelist (codelist_id, el_id, codelist_name, codelist_domain, inspire) VALUES (1505, 1840, 'solid', '5', 1);
INSERT INTO codelist (codelist_id, el_id, codelist_name, codelist_domain, inspire) VALUES (1506, 1840, 'surface', '6', 1);
INSERT INTO codelist (codelist_id, el_id, codelist_name, codelist_domain, inspire) VALUES (1601, 2460, 'blurredImage', '1', 1);
INSERT INTO codelist (codelist_id, el_id, codelist_name, codelist_domain, inspire) VALUES (1602, 2460, 'cloud', '2', 1);
INSERT INTO codelist (codelist_id, el_id, codelist_name, codelist_domain, inspire) VALUES (1603, 2460, 'degradingObliquity', '3', 1);
INSERT INTO codelist (codelist_id, el_id, codelist_name, codelist_domain, inspire) VALUES (1604, 2460, 'fog', '4', 1);
INSERT INTO codelist (codelist_id, el_id, codelist_name, codelist_domain, inspire) VALUES (1605, 2460, 'heavySmokeOrDust', '5', 1);
INSERT INTO codelist (codelist_id, el_id, codelist_name, codelist_domain, inspire) VALUES (1606, 2460, 'night', '6', 1);
INSERT INTO codelist (codelist_id, el_id, codelist_name, codelist_domain, inspire) VALUES (1607, 2460, 'rain', '7', 1);
INSERT INTO codelist (codelist_id, el_id, codelist_name, codelist_domain, inspire) VALUES (1608, 2460, 'semiDarkness', '8', 1);
INSERT INTO codelist (codelist_id, el_id, codelist_name, codelist_domain, inspire) VALUES (1609, 2460, 'shadow', '9', 1);
INSERT INTO codelist (codelist_id, el_id, codelist_name, codelist_domain, inspire) VALUES (1610, 2460, 'snow', '10', 1);
INSERT INTO codelist (codelist_id, el_id, codelist_name, codelist_domain, inspire) VALUES (1611, 2460, 'terrainMasking', '11', 1);
INSERT INTO codelist (codelist_id, el_id, codelist_name, codelist_domain, inspire) VALUES (1704, 540, 'temporal', '4', 1);
INSERT INTO codelist (codelist_id, el_id, codelist_name, codelist_domain, inspire) VALUES (404, 3680, 'imageHardcopy', '4', 1);
INSERT INTO codelist (codelist_id, el_id, codelist_name, codelist_domain, inspire) VALUES (405, 3680, 'mapDigital', '5', 1);
INSERT INTO codelist (codelist_id, el_id, codelist_name, codelist_domain, inspire) VALUES (406, 3680, 'mapHardcopy', '6', 1);
INSERT INTO codelist (codelist_id, el_id, codelist_name, codelist_domain, inspire) VALUES (407, 3680, 'modelDigital', '7', 1);
INSERT INTO codelist (codelist_id, el_id, codelist_name, codelist_domain, inspire) VALUES (408, 3680, 'modelHardcopy', '8', 1);
INSERT INTO codelist (codelist_id, el_id, codelist_name, codelist_domain, inspire) VALUES (409, 3680, 'profileDigital', '9', 1);
INSERT INTO codelist (codelist_id, el_id, codelist_name, codelist_domain, inspire) VALUES (410, 3680, 'profileHardcopy', '10', 1);
INSERT INTO codelist (codelist_id, el_id, codelist_name, codelist_domain, inspire) VALUES (411, 3680, 'tableDigital', '11', 1);
INSERT INTO codelist (codelist_id, el_id, codelist_name, codelist_domain, inspire) VALUES (412, 3680, 'tableHardcopy', '12', 1);
INSERT INTO codelist (codelist_id, el_id, codelist_name, codelist_domain, inspire) VALUES (413, 3680, 'videoDigital', '13', 1);
INSERT INTO codelist (codelist_id, el_id, codelist_name, codelist_domain, inspire) VALUES (414, 3680, 'videoHardcopy', '14', 1);
INSERT INTO codelist (codelist_id, el_id, codelist_name, codelist_domain, inspire) VALUES (501, 3790, 'resourceProvider', '1', 1);
INSERT INTO codelist (codelist_id, el_id, codelist_name, codelist_domain, inspire) VALUES (502, 3790, 'custodian', '2', 1);
INSERT INTO codelist (codelist_id, el_id, codelist_name, codelist_domain, inspire) VALUES (503, 3790, 'owner', '3', 1);
INSERT INTO codelist (codelist_id, el_id, codelist_name, codelist_domain, inspire) VALUES (504, 3790, 'user', '4', 1);
INSERT INTO codelist (codelist_id, el_id, codelist_name, codelist_domain, inspire) VALUES (505, 3790, 'distributor', '5', 1);
INSERT INTO codelist (codelist_id, el_id, codelist_name, codelist_domain, inspire) VALUES (506, 3790, 'originator', '6', 1);
INSERT INTO codelist (codelist_id, el_id, codelist_name, codelist_domain, inspire) VALUES (507, 3790, 'pointOfContact', '7', 1);
INSERT INTO codelist (codelist_id, el_id, codelist_name, codelist_domain, inspire) VALUES (508, 3790, 'principalInvestigator', '8', 1);
INSERT INTO codelist (codelist_id, el_id, codelist_name, codelist_domain, inspire) VALUES (509, 3790, 'processor', '9', 1);
INSERT INTO codelist (codelist_id, el_id, codelist_name, codelist_domain, inspire) VALUES (2013, 2920, '1quarterInchCartridgeTape', '13', 1);
INSERT INTO codelist (codelist_id, el_id, codelist_name, codelist_domain, inspire) VALUES (2014, 2920, 'digitalLinearTape', '14', 1);
INSERT INTO codelist (codelist_id, el_id, codelist_name, codelist_domain, inspire) VALUES (2015, 2920, 'onLine', '15', 1);
INSERT INTO codelist (codelist_id, el_id, codelist_name, codelist_domain, inspire) VALUES (2016, 2920, 'satellite', '16', 1);
INSERT INTO codelist (codelist_id, el_id, codelist_name, codelist_domain, inspire) VALUES (2017, 2920, 'telephoneLink', '17', 1);
INSERT INTO codelist (codelist_id, el_id, codelist_name, codelist_domain, inspire) VALUES (2018, 2920, 'hardcopy', '18', 1);
INSERT INTO codelist (codelist_id, el_id, codelist_name, codelist_domain, inspire) VALUES (2101, 3110, 'mandatory', '1', 1);
INSERT INTO codelist (codelist_id, el_id, codelist_name, codelist_domain, inspire) VALUES (2102, 3110, 'optional', '2', 1);
INSERT INTO codelist (codelist_id, el_id, codelist_name, codelist_domain, inspire) VALUES (2103, 3110, 'conditional', '3', 1);
INSERT INTO codelist (codelist_id, el_id, codelist_name, codelist_domain, inspire) VALUES (2201, 1670, 'center', '1', 1);
INSERT INTO codelist (codelist_id, el_id, codelist_name, codelist_domain, inspire) VALUES (2202, 1670, 'lowerLeft', '2', 1);
INSERT INTO codelist (codelist_id, el_id, codelist_name, codelist_domain, inspire) VALUES (814, 665, 'task', '14', 1);
INSERT INTO codelist (codelist_id, el_id, codelist_name, codelist_domain, inspire) VALUES (2203, 1670, 'lowerRight', '3', 1);
INSERT INTO codelist (codelist_id, el_id, codelist_name, codelist_domain, inspire) VALUES (2204, 1670, 'upperRight', '4', 1);
INSERT INTO codelist (codelist_id, el_id, codelist_name, codelist_domain, inspire) VALUES (2205, 1670, 'upperLeft', '5', 1);
INSERT INTO codelist (codelist_id, el_id, codelist_name, codelist_domain, inspire) VALUES (2301, 280, 'completed', '1', 1);
INSERT INTO codelist (codelist_id, el_id, codelist_name, codelist_domain, inspire) VALUES (2302, 280, 'historicalArchive', '2', 1);
INSERT INTO codelist (codelist_id, el_id, codelist_name, codelist_domain, inspire) VALUES (2303, 280, 'obsolete', '3', 1);
INSERT INTO codelist (codelist_id, el_id, codelist_name, codelist_domain, inspire) VALUES (2304, 280, 'onGoing', '4', 1);
INSERT INTO codelist (codelist_id, el_id, codelist_name, codelist_domain, inspire) VALUES (2305, 280, 'planned', '5', 1);
INSERT INTO codelist (codelist_id, el_id, codelist_name, codelist_domain, inspire) VALUES (2306, 280, 'required', '6', 1);
INSERT INTO codelist (codelist_id, el_id, codelist_name, codelist_domain, inspire) VALUES (2307, 280, 'underDevelopment', '7', 1);
INSERT INTO codelist (codelist_id, el_id, codelist_name, codelist_domain, inspire) VALUES (2401, 700, 'copyright', '1', 1);
INSERT INTO codelist (codelist_id, el_id, codelist_name, codelist_domain, inspire) VALUES (2402, 700, 'patent', '2', 1);
INSERT INTO codelist (codelist_id, el_id, codelist_name, codelist_domain, inspire) VALUES (2403, 700, 'patentPending', '3', 1);
INSERT INTO codelist (codelist_id, el_id, codelist_name, codelist_domain, inspire) VALUES (2404, 700, 'trademark', '4', 1);
INSERT INTO codelist (codelist_id, el_id, codelist_name, codelist_domain, inspire) VALUES (2405, 700, 'license', '5', 1);
INSERT INTO codelist (codelist_id, el_id, codelist_name, codelist_domain, inspire) VALUES (1009, 400, '8859part4', '9', 1);
INSERT INTO codelist (codelist_id, el_id, codelist_name, codelist_domain, inspire) VALUES (63097, 390, 'Dogrib', 'dgr', 0);
INSERT INTO codelist (codelist_id, el_id, codelist_name, codelist_domain, inspire) VALUES (1010, 400, '8859part5', '10', 1);
INSERT INTO codelist (codelist_id, el_id, codelist_name, codelist_domain, inspire) VALUES (1011, 400, '8859part6', '11', 1);
INSERT INTO codelist (codelist_id, el_id, codelist_name, codelist_domain, inspire) VALUES (1001, 400, 'ucs2', '1', 0);
INSERT INTO codelist (codelist_id, el_id, codelist_name, codelist_domain, inspire) VALUES (1025, 400, 'usAscii', '25', 1);
INSERT INTO codelist (codelist_id, el_id, codelist_name, codelist_domain, inspire) VALUES (1101, 740, 'unclassified', '1', 1);
INSERT INTO codelist (codelist_id, el_id, codelist_name, codelist_domain, inspire) VALUES (1102, 740, 'restricted', '2', 1);
INSERT INTO codelist (codelist_id, el_id, codelist_name, codelist_domain, inspire) VALUES (1103, 740, 'confidential', '3', 1);
INSERT INTO codelist (codelist_id, el_id, codelist_name, codelist_domain, inspire) VALUES (1104, 740, 'secret', '4', 1);
INSERT INTO codelist (codelist_id, el_id, codelist_name, codelist_domain, inspire) VALUES (1105, 740, 'topSecret', '5', 1);
INSERT INTO codelist (codelist_id, el_id, codelist_name, codelist_domain, inspire) VALUES (1201, 2410, 'image', '1', 1);
INSERT INTO codelist (codelist_id, el_id, codelist_name, codelist_domain, inspire) VALUES (1202, 2410, 'thematicClassification', '2', 1);
INSERT INTO codelist (codelist_id, el_id, codelist_name, codelist_domain, inspire) VALUES (1203, 2410, 'physicalMeasurement', '3', 1);
INSERT INTO codelist (codelist_id, el_id, codelist_name, codelist_domain, inspire) VALUES (1301, 3130, 'class', '1', 1);
INSERT INTO codelist (codelist_id, el_id, codelist_name, codelist_domain, inspire) VALUES (1302, 3130, 'codelist', '2', 1);
INSERT INTO codelist (codelist_id, el_id, codelist_name, codelist_domain, inspire) VALUES (1303, 3130, 'enumeration', '3', 1);
INSERT INTO codelist (codelist_id, el_id, codelist_name, codelist_domain, inspire) VALUES (1304, 3130, 'codelistElement', '4', 1);
INSERT INTO codelist (codelist_id, el_id, codelist_name, codelist_domain, inspire) VALUES (1305, 3130, 'abstractClass', '5', 1);
INSERT INTO codelist (codelist_id, el_id, codelist_name, codelist_domain, inspire) VALUES (1306, 3130, 'aggregateClass', '6', 1);
INSERT INTO codelist (codelist_id, el_id, codelist_name, codelist_domain, inspire) VALUES (1307, 3130, 'specifiedClass', '7', 1);
INSERT INTO codelist (codelist_id, el_id, codelist_name, codelist_domain, inspire) VALUES (510, 3790, 'publisher', '10', 1);
INSERT INTO codelist (codelist_id, el_id, codelist_name, codelist_domain, inspire) VALUES (1308, 3130, 'datatypeClass', '8', 1);
INSERT INTO codelist (codelist_id, el_id, codelist_name, codelist_domain, inspire) VALUES (1309, 3130, 'interfaceClass', '9', 1);
INSERT INTO codelist (codelist_id, el_id, codelist_name, codelist_domain, inspire) VALUES (2705, 410, 'economy', '5', 1);
INSERT INTO codelist (codelist_id, el_id, codelist_name, codelist_domain, inspire) VALUES (2706, 410, 'elevation', '6', 1);
INSERT INTO codelist (codelist_id, el_id, codelist_name, codelist_domain, inspire) VALUES (2707, 410, 'environment', '7', 1);
INSERT INTO codelist (codelist_id, el_id, codelist_name, codelist_domain, inspire) VALUES (812, 665, 'project', '12', 1);
INSERT INTO codelist (codelist_id, el_id, codelist_name, codelist_domain, inspire) VALUES (813, 665, 'study', '13', 1);
INSERT INTO codelist (codelist_id, el_id, codelist_name, codelist_domain, inspire) VALUES (2708, 410, 'geoscientificInformation', '8', 1);
INSERT INTO codelist (codelist_id, el_id, codelist_name, codelist_domain, inspire) VALUES (2709, 410, 'health', '9', 1);
INSERT INTO codelist (codelist_id, el_id, codelist_name, codelist_domain, inspire) VALUES (2710, 410, 'imageryBaseMapsEarthCover', '10', 1);
INSERT INTO codelist (codelist_id, el_id, codelist_name, codelist_domain, inspire) VALUES (2711, 410, 'intelligenceMilitary', '11', 1);
INSERT INTO codelist (codelist_id, el_id, codelist_name, codelist_domain, inspire) VALUES (2712, 410, 'inlandWaters', '12', 1);
INSERT INTO codelist (codelist_id, el_id, codelist_name, codelist_domain, inspire) VALUES (2713, 410, 'location', '13', 1);
INSERT INTO codelist (codelist_id, el_id, codelist_name, codelist_domain, inspire) VALUES (2714, 410, 'oceans', '14', 1);
INSERT INTO codelist (codelist_id, el_id, codelist_name, codelist_domain, inspire) VALUES (2715, 410, 'planningCadastre', '15', 1);
INSERT INTO codelist (codelist_id, el_id, codelist_name, codelist_domain, inspire) VALUES (2716, 410, 'society', '16', 1);
INSERT INTO codelist (codelist_id, el_id, codelist_name, codelist_domain, inspire) VALUES (2717, 410, 'structure', '17', 1);
INSERT INTO codelist (codelist_id, el_id, codelist_name, codelist_domain, inspire) VALUES (1701, 540, 'discipline', '1', 1);
INSERT INTO codelist (codelist_id, el_id, codelist_name, codelist_domain, inspire) VALUES (1702, 540, 'place', '2', 1);
INSERT INTO codelist (codelist_id, el_id, codelist_name, codelist_domain, inspire) VALUES (1703, 540, 'stratum', '3', 1);
INSERT INTO codelist (codelist_id, el_id, codelist_name, codelist_domain, inspire) VALUES (1705, 540, 'theme', '5', 1);
INSERT INTO codelist (codelist_id, el_id, codelist_name, codelist_domain, inspire) VALUES (1801, 1430, 'continual', '1', 1);
INSERT INTO codelist (codelist_id, el_id, codelist_name, codelist_domain, inspire) VALUES (1802, 1430, 'daily', '2', 1);
INSERT INTO codelist (codelist_id, el_id, codelist_name, codelist_domain, inspire) VALUES (1803, 1430, 'weekly', '3', 1);
INSERT INTO codelist (codelist_id, el_id, codelist_name, codelist_domain, inspire) VALUES (1804, 1430, 'fortnightly', '4', 1);
INSERT INTO codelist (codelist_id, el_id, codelist_name, codelist_domain, inspire) VALUES (1805, 1430, 'monthly', '5', 1);
INSERT INTO codelist (codelist_id, el_id, codelist_name, codelist_domain, inspire) VALUES (1806, 1430, 'quarterly', '6', 1);
INSERT INTO codelist (codelist_id, el_id, codelist_name, codelist_domain, inspire) VALUES (1807, 1430, 'biannually', '7', 1);
INSERT INTO codelist (codelist_id, el_id, codelist_name, codelist_domain, inspire) VALUES (1808, 1430, 'annually', '8', 1);
INSERT INTO codelist (codelist_id, el_id, codelist_name, codelist_domain, inspire) VALUES (1809, 1430, 'asNeeded', '9', 1);
INSERT INTO codelist (codelist_id, el_id, codelist_name, codelist_domain, inspire) VALUES (1810, 1430, 'irregular', '10', 1);
INSERT INTO codelist (codelist_id, el_id, codelist_name, codelist_domain, inspire) VALUES (1811, 1430, 'notPlanned', '11', 1);
INSERT INTO codelist (codelist_id, el_id, codelist_name, codelist_domain, inspire) VALUES (1812, 1430, 'unknown', '12', 1);
INSERT INTO codelist (codelist_id, el_id, codelist_name, codelist_domain, inspire) VALUES (1901, 2960, 'cpio', '1', 1);
INSERT INTO codelist (codelist_id, el_id, codelist_name, codelist_domain, inspire) VALUES (1902, 2960, 'tar', '2', 1);
INSERT INTO codelist (codelist_id, el_id, codelist_name, codelist_domain, inspire) VALUES (1903, 2960, 'highSierra', '3', 1);
INSERT INTO codelist (codelist_id, el_id, codelist_name, codelist_domain, inspire) VALUES (1904, 2960, 'iso9660', '4', 1);
INSERT INTO codelist (codelist_id, el_id, codelist_name, codelist_domain, inspire) VALUES (1906, 2960, 'iso9660AppleHFS', '6', 1);
INSERT INTO codelist (codelist_id, el_id, codelist_name, codelist_domain, inspire) VALUES (2001, 2920, 'cdRom', '1', 1);
INSERT INTO codelist (codelist_id, el_id, codelist_name, codelist_domain, inspire) VALUES (2002, 2920, 'dvd', '2', 1);
INSERT INTO codelist (codelist_id, el_id, codelist_name, codelist_domain, inspire) VALUES (2003, 2920, 'dvdRom', '3', 1);
INSERT INTO codelist (codelist_id, el_id, codelist_name, codelist_domain, inspire) VALUES (2004, 2920, '3halfInchFloppy', '4', 1);
INSERT INTO codelist (codelist_id, el_id, codelist_name, codelist_domain, inspire) VALUES (2005, 2920, '5quarterInchFloppy', '5', 1);
INSERT INTO codelist (codelist_id, el_id, codelist_name, codelist_domain, inspire) VALUES (2006, 2920, '7trackTape', '6', 1);
INSERT INTO codelist (codelist_id, el_id, codelist_name, codelist_domain, inspire) VALUES (2007, 2920, '9trackTape', '7', 1);
INSERT INTO codelist (codelist_id, el_id, codelist_name, codelist_domain, inspire) VALUES (2008, 2920, '3480Cartridge', '8', 1);
INSERT INTO codelist (codelist_id, el_id, codelist_name, codelist_domain, inspire) VALUES (2009, 2920, '3490Cartridge', '9', 1);
INSERT INTO codelist (codelist_id, el_id, codelist_name, codelist_domain, inspire) VALUES (2010, 2920, '3580Cartridge', '10', 1);
INSERT INTO codelist (codelist_id, el_id, codelist_name, codelist_domain, inspire) VALUES (2011, 2920, '4mmCartridgeTape', '11', 1);
INSERT INTO codelist (codelist_id, el_id, codelist_name, codelist_domain, inspire) VALUES (2012, 2920, '8mmCartridgeTape', '12', 1);
INSERT INTO codelist (codelist_id, el_id, codelist_name, codelist_domain, inspire) VALUES (63032, 390, 'Azerbaijani', 'aze', 0);
INSERT INTO codelist (codelist_id, el_id, codelist_name, codelist_domain, inspire) VALUES (63033, 390, 'Banda', 'bad', 0);
INSERT INTO codelist (codelist_id, el_id, codelist_name, codelist_domain, inspire) VALUES (63034, 390, 'Bamileke languages', 'bai', 0);
INSERT INTO codelist (codelist_id, el_id, codelist_name, codelist_domain, inspire) VALUES (63035, 390, 'Bashkir', 'bak', 0);
INSERT INTO codelist (codelist_id, el_id, codelist_name, codelist_domain, inspire) VALUES (63036, 390, 'Baluchi', 'bal', 0);
INSERT INTO codelist (codelist_id, el_id, codelist_name, codelist_domain, inspire) VALUES (63037, 390, 'Bambara', 'bam', 0);
INSERT INTO codelist (codelist_id, el_id, codelist_name, codelist_domain, inspire) VALUES (63038, 390, 'Balinese', 'ban', 0);
INSERT INTO codelist (codelist_id, el_id, codelist_name, codelist_domain, inspire) VALUES (63039, 390, 'Basque', 'baq', 0);
INSERT INTO codelist (codelist_id, el_id, codelist_name, codelist_domain, inspire) VALUES (63040, 390, 'Baltic (Other)', 'bat', 0);
INSERT INTO codelist (codelist_id, el_id, codelist_name, codelist_domain, inspire) VALUES (63041, 390, 'Beja', 'bej', 0);
INSERT INTO codelist (codelist_id, el_id, codelist_name, codelist_domain, inspire) VALUES (63042, 390, 'Belarusian', 'bel', 0);
INSERT INTO codelist (codelist_id, el_id, codelist_name, codelist_domain, inspire) VALUES (63043, 390, 'Bemba', 'bem', 0);
INSERT INTO codelist (codelist_id, el_id, codelist_name, codelist_domain, inspire) VALUES (63044, 390, 'Bengali', 'ben', 0);
INSERT INTO codelist (codelist_id, el_id, codelist_name, codelist_domain, inspire) VALUES (63045, 390, 'Berber (Other)', 'ber', 0);
INSERT INTO codelist (codelist_id, el_id, codelist_name, codelist_domain, inspire) VALUES (63046, 390, 'Bhojpuri', 'bho', 0);
INSERT INTO codelist (codelist_id, el_id, codelist_name, codelist_domain, inspire) VALUES (63047, 390, 'Bihari', 'bih', 0);
INSERT INTO codelist (codelist_id, el_id, codelist_name, codelist_domain, inspire) VALUES (63048, 390, 'Bikol', 'bik', 0);
INSERT INTO codelist (codelist_id, el_id, codelist_name, codelist_domain, inspire) VALUES (63049, 390, 'Bini', 'bin', 0);
INSERT INTO codelist (codelist_id, el_id, codelist_name, codelist_domain, inspire) VALUES (63050, 390, 'Bislama', 'bis', 0);
INSERT INTO codelist (codelist_id, el_id, codelist_name, codelist_domain, inspire) VALUES (63051, 390, 'Siksika', 'bla', 0);
INSERT INTO codelist (codelist_id, el_id, codelist_name, codelist_domain, inspire) VALUES (63052, 390, 'Bantu (Other)', 'bnt', 0);
INSERT INTO codelist (codelist_id, el_id, codelist_name, codelist_domain, inspire) VALUES (63053, 390, 'Bosnian', 'bos', 0);
INSERT INTO codelist (codelist_id, el_id, codelist_name, codelist_domain, inspire) VALUES (63054, 390, 'Braj', 'bra', 0);
INSERT INTO codelist (codelist_id, el_id, codelist_name, codelist_domain, inspire) VALUES (63055, 390, 'Breton', 'bre', 0);
INSERT INTO codelist (codelist_id, el_id, codelist_name, codelist_domain, inspire) VALUES (63056, 390, 'Batak (Indonesia)', 'btk', 0);
INSERT INTO codelist (codelist_id, el_id, codelist_name, codelist_domain, inspire) VALUES (63057, 390, 'Buriat', 'bua', 0);
INSERT INTO codelist (codelist_id, el_id, codelist_name, codelist_domain, inspire) VALUES (63058, 390, 'Buginese', 'bug', 0);
INSERT INTO codelist (codelist_id, el_id, codelist_name, codelist_domain, inspire) VALUES (63060, 390, 'Burmese', 'bur', 0);
INSERT INTO codelist (codelist_id, el_id, codelist_name, codelist_domain, inspire) VALUES (63061, 390, 'Caddo', 'cad', 0);
INSERT INTO codelist (codelist_id, el_id, codelist_name, codelist_domain, inspire) VALUES (63062, 390, 'Central American Indian (Other)', 'cai', 0);
INSERT INTO codelist (codelist_id, el_id, codelist_name, codelist_domain, inspire) VALUES (63063, 390, 'Carib', 'car', 0);
INSERT INTO codelist (codelist_id, el_id, codelist_name, codelist_domain, inspire) VALUES (63064, 390, 'Catalan', 'cat', 0);
INSERT INTO codelist (codelist_id, el_id, codelist_name, codelist_domain, inspire) VALUES (63065, 390, 'Caucasian (Other)', 'cau', 0);
INSERT INTO codelist (codelist_id, el_id, codelist_name, codelist_domain, inspire) VALUES (63066, 390, 'Cebuano', 'ceb', 0);
INSERT INTO codelist (codelist_id, el_id, codelist_name, codelist_domain, inspire) VALUES (63067, 390, 'Chamorro', 'cha', 0);
INSERT INTO codelist (codelist_id, el_id, codelist_name, codelist_domain, inspire) VALUES (63068, 390, 'Chibcha', 'chb', 0);
INSERT INTO codelist (codelist_id, el_id, codelist_name, codelist_domain, inspire) VALUES (63069, 390, 'Chechen', 'che', 0);
INSERT INTO codelist (codelist_id, el_id, codelist_name, codelist_domain, inspire) VALUES (63070, 390, 'Chagatai', 'chg', 0);
INSERT INTO codelist (codelist_id, el_id, codelist_name, codelist_domain, inspire) VALUES (63071, 390, 'Chinese', 'chi', 0);
INSERT INTO codelist (codelist_id, el_id, codelist_name, codelist_domain, inspire) VALUES (2406, 700, 'intellectualPropertyRights', '6', 1);
INSERT INTO codelist (codelist_id, el_id, codelist_name, codelist_domain, inspire) VALUES (2407, 700, 'restricted', '7', 1);
INSERT INTO codelist (codelist_id, el_id, codelist_name, codelist_domain, inspire) VALUES (63098, 390, 'Dinka', 'din', 0);
INSERT INTO codelist (codelist_id, el_id, codelist_name, codelist_domain, inspire) VALUES (2505, 1460, 'dataset', '5', 1);
INSERT INTO codelist (codelist_id, el_id, codelist_name, codelist_domain, inspire) VALUES (2506, 1460, 'series', '6', 1);
INSERT INTO codelist (codelist_id, el_id, codelist_name, codelist_domain, inspire) VALUES (2601, 370, 'vector', '1', 1);
INSERT INTO codelist (codelist_id, el_id, codelist_name, codelist_domain, inspire) VALUES (2602, 370, 'grid', '2', 1);
INSERT INTO codelist (codelist_id, el_id, codelist_name, codelist_domain, inspire) VALUES (2603, 370, 'textTable', '3', 1);
INSERT INTO codelist (codelist_id, el_id, codelist_name, codelist_domain, inspire) VALUES (2604, 370, 'tin', '4', 1);
INSERT INTO codelist (codelist_id, el_id, codelist_name, codelist_domain, inspire) VALUES (2605, 370, 'stereoModel', '5', 1);
INSERT INTO codelist (codelist_id, el_id, codelist_name, codelist_domain, inspire) VALUES (2606, 370, 'video', '6', 1);
INSERT INTO codelist (codelist_id, el_id, codelist_name, codelist_domain, inspire) VALUES (2701, 410, 'farming', '1', 1);
INSERT INTO codelist (codelist_id, el_id, codelist_name, codelist_domain, inspire) VALUES (2702, 410, 'biota', '2', 1);
INSERT INTO codelist (codelist_id, el_id, codelist_name, codelist_domain, inspire) VALUES (2703, 410, 'boundaries', '3', 1);
INSERT INTO codelist (codelist_id, el_id, codelist_name, codelist_domain, inspire) VALUES (2704, 410, 'climatologyMeteorologyAtmosphere', '4', 1);
INSERT INTO codelist (codelist_id, el_id, codelist_name, codelist_domain, inspire) VALUES (63059, 390, 'Bulgarian', 'bul', 1);
INSERT INTO codelist (codelist_id, el_id, codelist_name, codelist_domain, inspire) VALUES (63145, 390, 'Gothic', 'got', 0);
INSERT INTO codelist (codelist_id, el_id, codelist_name, codelist_domain, inspire) VALUES (63146, 390, 'Grebo', 'grb', 0);
INSERT INTO codelist (codelist_id, el_id, codelist_name, codelist_domain, inspire) VALUES (63147, 390, 'Greek, Ancient', 'grc', 0);
INSERT INTO codelist (codelist_id, el_id, codelist_name, codelist_domain, inspire) VALUES (63148, 390, 'Greek, Modern', 'gre', 0);
INSERT INTO codelist (codelist_id, el_id, codelist_name, codelist_domain, inspire) VALUES (63149, 390, 'Guarani', 'grn', 0);
INSERT INTO codelist (codelist_id, el_id, codelist_name, codelist_domain, inspire) VALUES (63150, 390, 'Gujarati', 'guj', 0);
INSERT INTO codelist (codelist_id, el_id, codelist_name, codelist_domain, inspire) VALUES (63152, 390, 'Haida', 'hai', 0);
INSERT INTO codelist (codelist_id, el_id, codelist_name, codelist_domain, inspire) VALUES (63153, 390, 'Hausa', 'hau', 0);
INSERT INTO codelist (codelist_id, el_id, codelist_name, codelist_domain, inspire) VALUES (63154, 390, 'Hawaiian', 'haw', 0);
INSERT INTO codelist (codelist_id, el_id, codelist_name, codelist_domain, inspire) VALUES (63155, 390, 'Hebrew', 'heb', 0);
INSERT INTO codelist (codelist_id, el_id, codelist_name, codelist_domain, inspire) VALUES (63156, 390, 'Herero', 'her', 0);
INSERT INTO codelist (codelist_id, el_id, codelist_name, codelist_domain, inspire) VALUES (63157, 390, 'Hiligaynon', 'hil', 0);
INSERT INTO codelist (codelist_id, el_id, codelist_name, codelist_domain, inspire) VALUES (63158, 390, 'Himachali', 'him', 0);
INSERT INTO codelist (codelist_id, el_id, codelist_name, codelist_domain, inspire) VALUES (63159, 390, 'Hindi', 'hin', 0);
INSERT INTO codelist (codelist_id, el_id, codelist_name, codelist_domain, inspire) VALUES (63160, 390, 'Hittite', 'hit', 0);
INSERT INTO codelist (codelist_id, el_id, codelist_name, codelist_domain, inspire) VALUES (63161, 390, 'Hmong', 'hmn', 0);
INSERT INTO codelist (codelist_id, el_id, codelist_name, codelist_domain, inspire) VALUES (63162, 390, 'Hiri Motu', 'hmo', 0);
INSERT INTO codelist (codelist_id, el_id, codelist_name, codelist_domain, inspire) VALUES (63164, 390, 'Hupa', 'hup', 0);
INSERT INTO codelist (codelist_id, el_id, codelist_name, codelist_domain, inspire) VALUES (63165, 390, 'Iban', 'iba', 0);
INSERT INTO codelist (codelist_id, el_id, codelist_name, codelist_domain, inspire) VALUES (63166, 390, 'Igbo', 'ibo', 0);
INSERT INTO codelist (codelist_id, el_id, codelist_name, codelist_domain, inspire) VALUES (63167, 390, 'Icelandic', 'ice', 0);
INSERT INTO codelist (codelist_id, el_id, codelist_name, codelist_domain, inspire) VALUES (63168, 390, 'Ido', 'ido', 0);
INSERT INTO codelist (codelist_id, el_id, codelist_name, codelist_domain, inspire) VALUES (63169, 390, 'Ijo', 'ijo', 0);
INSERT INTO codelist (codelist_id, el_id, codelist_name, codelist_domain, inspire) VALUES (63170, 390, 'Inuktitut', 'iku', 0);
INSERT INTO codelist (codelist_id, el_id, codelist_name, codelist_domain, inspire) VALUES (63171, 390, 'Interlingue', 'ile', 0);
INSERT INTO codelist (codelist_id, el_id, codelist_name, codelist_domain, inspire) VALUES (63172, 390, 'Iloko', 'ilo', 0);
INSERT INTO codelist (codelist_id, el_id, codelist_name, codelist_domain, inspire) VALUES (63173, 390, 'Interlingua', 'ina', 0);
INSERT INTO codelist (codelist_id, el_id, codelist_name, codelist_domain, inspire) VALUES (63174, 390, 'Indic (Other)', 'inc', 0);
INSERT INTO codelist (codelist_id, el_id, codelist_name, codelist_domain, inspire) VALUES (63175, 390, 'Indonesian', 'ind', 0);
INSERT INTO codelist (codelist_id, el_id, codelist_name, codelist_domain, inspire) VALUES (63176, 390, 'Indo-European (Other)', 'ine', 0);
INSERT INTO codelist (codelist_id, el_id, codelist_name, codelist_domain, inspire) VALUES (63177, 390, 'Inupiaq', 'ipk', 0);
INSERT INTO codelist (codelist_id, el_id, codelist_name, codelist_domain, inspire) VALUES (63178, 390, 'Iranian (Other)', 'ira', 0);
INSERT INTO codelist (codelist_id, el_id, codelist_name, codelist_domain, inspire) VALUES (63179, 390, 'Iroquoian languages', 'iro', 0);
INSERT INTO codelist (codelist_id, el_id, codelist_name, codelist_domain, inspire) VALUES (2718, 410, 'transportation', '18', 1);
INSERT INTO codelist (codelist_id, el_id, codelist_name, codelist_domain, inspire) VALUES (2501, 1460, 'attribute', '1', 0);
INSERT INTO codelist (codelist_id, el_id, codelist_name, codelist_domain, inspire) VALUES (2719, 410, 'utilitiesCommunication', '19', 1);
INSERT INTO codelist (codelist_id, el_id, codelist_name, codelist_domain, inspire) VALUES (2801, 1770, 'geometryOnly', '1', 1);
INSERT INTO codelist (codelist_id, el_id, codelist_name, codelist_domain, inspire) VALUES (2802, 1770, 'topology1D', '2', 1);
INSERT INTO codelist (codelist_id, el_id, codelist_name, codelist_domain, inspire) VALUES (2803, 1770, 'planarGraph', '3', 1);
INSERT INTO codelist (codelist_id, el_id, codelist_name, codelist_domain, inspire) VALUES (63099, 390, 'Divehi', 'div', 0);
INSERT INTO codelist (codelist_id, el_id, codelist_name, codelist_domain, inspire) VALUES (63100, 390, 'Dogri', 'doi', 0);
INSERT INTO codelist (codelist_id, el_id, codelist_name, codelist_domain, inspire) VALUES (2804, 1770, 'fullPlanarGraph', '4', 1);
INSERT INTO codelist (codelist_id, el_id, codelist_name, codelist_domain, inspire) VALUES (2805, 1770, 'surfaceGraph', '5', 1);
INSERT INTO codelist (codelist_id, el_id, codelist_name, codelist_domain, inspire) VALUES (2806, 1770, 'fullSurfaceGraph', '6', 1);
INSERT INTO codelist (codelist_id, el_id, codelist_name, codelist_domain, inspire) VALUES (2807, 1770, 'topology3D', '7', 1);
INSERT INTO codelist (codelist_id, el_id, codelist_name, codelist_domain, inspire) VALUES (2808, 1770, 'fullTopology3D', '8', 1);
INSERT INTO codelist (codelist_id, el_id, codelist_name, codelist_domain, inspire) VALUES (2809, 1770, 'abstract', '9', 1);
INSERT INTO codelist (codelist_id, el_id, codelist_name, codelist_domain, inspire) VALUES (63001, 390, 'Afar', 'aar', 0);
INSERT INTO codelist (codelist_id, el_id, codelist_name, codelist_domain, inspire) VALUES (63002, 390, 'Abkhazian', 'abk', 0);
INSERT INTO codelist (codelist_id, el_id, codelist_name, codelist_domain, inspire) VALUES (63003, 390, 'Achinese', 'ace', 0);
INSERT INTO codelist (codelist_id, el_id, codelist_name, codelist_domain, inspire) VALUES (63004, 390, 'Acoli', 'ach', 0);
INSERT INTO codelist (codelist_id, el_id, codelist_name, codelist_domain, inspire) VALUES (63005, 390, 'Adangme', 'ada', 0);
INSERT INTO codelist (codelist_id, el_id, codelist_name, codelist_domain, inspire) VALUES (63006, 390, 'Afro-Asiatic', 'afa', 0);
INSERT INTO codelist (codelist_id, el_id, codelist_name, codelist_domain, inspire) VALUES (63007, 390, 'Afrihili', 'afh', 0);
INSERT INTO codelist (codelist_id, el_id, codelist_name, codelist_domain, inspire) VALUES (63008, 390, 'Afrikaans', 'afr', 0);
INSERT INTO codelist (codelist_id, el_id, codelist_name, codelist_domain, inspire) VALUES (63009, 390, 'Akan', 'aka', 0);
INSERT INTO codelist (codelist_id, el_id, codelist_name, codelist_domain, inspire) VALUES (63010, 390, 'Akkadian', 'akk', 0);
INSERT INTO codelist (codelist_id, el_id, codelist_name, codelist_domain, inspire) VALUES (63011, 390, 'Albanian', 'alb', 0);
INSERT INTO codelist (codelist_id, el_id, codelist_name, codelist_domain, inspire) VALUES (63012, 390, 'Aleut', 'ale', 0);
INSERT INTO codelist (codelist_id, el_id, codelist_name, codelist_domain, inspire) VALUES (63013, 390, 'Algonquian languages', 'alg', 0);
INSERT INTO codelist (codelist_id, el_id, codelist_name, codelist_domain, inspire) VALUES (63014, 390, 'Amharic', 'amh', 0);
INSERT INTO codelist (codelist_id, el_id, codelist_name, codelist_domain, inspire) VALUES (63015, 390, 'English, Old', 'ang', 0);
INSERT INTO codelist (codelist_id, el_id, codelist_name, codelist_domain, inspire) VALUES (63016, 390, 'Apache languages', 'apa', 0);
INSERT INTO codelist (codelist_id, el_id, codelist_name, codelist_domain, inspire) VALUES (63017, 390, 'Arabic', 'ara', 0);
INSERT INTO codelist (codelist_id, el_id, codelist_name, codelist_domain, inspire) VALUES (63018, 390, 'Aramaic', 'arc', 0);
INSERT INTO codelist (codelist_id, el_id, codelist_name, codelist_domain, inspire) VALUES (63019, 390, 'Armenian', 'arm', 0);
INSERT INTO codelist (codelist_id, el_id, codelist_name, codelist_domain, inspire) VALUES (63020, 390, 'Araucanian', 'arn', 0);
INSERT INTO codelist (codelist_id, el_id, codelist_name, codelist_domain, inspire) VALUES (63021, 390, 'Arapaho', 'arp', 0);
INSERT INTO codelist (codelist_id, el_id, codelist_name, codelist_domain, inspire) VALUES (63022, 390, 'Artificial (Other)', 'art', 0);
INSERT INTO codelist (codelist_id, el_id, codelist_name, codelist_domain, inspire) VALUES (63023, 390, 'Arawak', 'arw', 0);
INSERT INTO codelist (codelist_id, el_id, codelist_name, codelist_domain, inspire) VALUES (63024, 390, 'Assamese', 'asm', 0);
INSERT INTO codelist (codelist_id, el_id, codelist_name, codelist_domain, inspire) VALUES (63025, 390, 'Astrurian', 'ast', 0);
INSERT INTO codelist (codelist_id, el_id, codelist_name, codelist_domain, inspire) VALUES (63026, 390, 'Athapascan languages', 'ath', 0);
INSERT INTO codelist (codelist_id, el_id, codelist_name, codelist_domain, inspire) VALUES (63027, 390, 'Australian languages', 'aus', 0);
INSERT INTO codelist (codelist_id, el_id, codelist_name, codelist_domain, inspire) VALUES (63028, 390, 'Avaric', 'ava', 0);
INSERT INTO codelist (codelist_id, el_id, codelist_name, codelist_domain, inspire) VALUES (63029, 390, 'Avestan', 'ave', 0);
INSERT INTO codelist (codelist_id, el_id, codelist_name, codelist_domain, inspire) VALUES (63030, 390, 'Awadhi', 'awa', 0);
INSERT INTO codelist (codelist_id, el_id, codelist_name, codelist_domain, inspire) VALUES (63031, 390, 'Aymara', 'aym', 0);
INSERT INTO codelist (codelist_id, el_id, codelist_name, codelist_domain, inspire) VALUES (63260, 390, 'Mongolian', 'mon', 0);
INSERT INTO codelist (codelist_id, el_id, codelist_name, codelist_domain, inspire) VALUES (63261, 390, 'Mossi', 'mos', 0);
INSERT INTO codelist (codelist_id, el_id, codelist_name, codelist_domain, inspire) VALUES (63262, 390, 'Multiple languages', 'mul', 0);
INSERT INTO codelist (codelist_id, el_id, codelist_name, codelist_domain, inspire) VALUES (63263, 390, 'Munda languages', 'mun', 0);
INSERT INTO codelist (codelist_id, el_id, codelist_name, codelist_domain, inspire) VALUES (63264, 390, 'Creek', 'mus', 0);
INSERT INTO codelist (codelist_id, el_id, codelist_name, codelist_domain, inspire) VALUES (63265, 390, 'Marwari', 'mwr', 0);
INSERT INTO codelist (codelist_id, el_id, codelist_name, codelist_domain, inspire) VALUES (63266, 390, 'Mayan languages', 'myn', 0);
INSERT INTO codelist (codelist_id, el_id, codelist_name, codelist_domain, inspire) VALUES (63267, 390, 'Nahuatl', 'nah', 0);
INSERT INTO codelist (codelist_id, el_id, codelist_name, codelist_domain, inspire) VALUES (63268, 390, 'North American Indian', 'nai', 0);
INSERT INTO codelist (codelist_id, el_id, codelist_name, codelist_domain, inspire) VALUES (63269, 390, 'Nauru', 'nau', 0);
INSERT INTO codelist (codelist_id, el_id, codelist_name, codelist_domain, inspire) VALUES (63270, 390, 'Navajo', 'nav', 0);
INSERT INTO codelist (codelist_id, el_id, codelist_name, codelist_domain, inspire) VALUES (63271, 390, 'Ndebele, South', 'nbl', 0);
INSERT INTO codelist (codelist_id, el_id, codelist_name, codelist_domain, inspire) VALUES (63272, 390, 'Ndebele, North', 'nde', 0);
INSERT INTO codelist (codelist_id, el_id, codelist_name, codelist_domain, inspire) VALUES (63273, 390, 'Ndonga', 'ndo', 0);
INSERT INTO codelist (codelist_id, el_id, codelist_name, codelist_domain, inspire) VALUES (63274, 390, 'Low German', 'nds', 0);
INSERT INTO codelist (codelist_id, el_id, codelist_name, codelist_domain, inspire) VALUES (63275, 390, 'Nepali', 'nep', 0);
INSERT INTO codelist (codelist_id, el_id, codelist_name, codelist_domain, inspire) VALUES (63276, 390, 'Newari', 'new', 0);
INSERT INTO codelist (codelist_id, el_id, codelist_name, codelist_domain, inspire) VALUES (63277, 390, 'Nias', 'nia', 0);
INSERT INTO codelist (codelist_id, el_id, codelist_name, codelist_domain, inspire) VALUES (63278, 390, 'Niger-Kordofanian (Other)', 'nic', 0);
INSERT INTO codelist (codelist_id, el_id, codelist_name, codelist_domain, inspire) VALUES (63279, 390, 'Niuean', 'niu', 0);
INSERT INTO codelist (codelist_id, el_id, codelist_name, codelist_domain, inspire) VALUES (63280, 390, 'Norse, Old', 'non', 0);
INSERT INTO codelist (codelist_id, el_id, codelist_name, codelist_domain, inspire) VALUES (63282, 390, 'Norwegian Nynorsk', 'nno', 0);
INSERT INTO codelist (codelist_id, el_id, codelist_name, codelist_domain, inspire) VALUES (63283, 390, 'Norwewgian Bokmal', 'nob', 0);
INSERT INTO codelist (codelist_id, el_id, codelist_name, codelist_domain, inspire) VALUES (63284, 390, 'Sotho, Northern', 'nso', 0);
INSERT INTO codelist (codelist_id, el_id, codelist_name, codelist_domain, inspire) VALUES (63072, 390, 'Chuukese', 'chk', 0);
INSERT INTO codelist (codelist_id, el_id, codelist_name, codelist_domain, inspire) VALUES (63073, 390, 'Mari', 'chm', 0);
INSERT INTO codelist (codelist_id, el_id, codelist_name, codelist_domain, inspire) VALUES (63074, 390, 'Chinook jargon', 'chn', 0);
INSERT INTO codelist (codelist_id, el_id, codelist_name, codelist_domain, inspire) VALUES (63075, 390, 'Choctaw', 'cho', 0);
INSERT INTO codelist (codelist_id, el_id, codelist_name, codelist_domain, inspire) VALUES (63076, 390, 'Chipewyan', 'chp', 0);
INSERT INTO codelist (codelist_id, el_id, codelist_name, codelist_domain, inspire) VALUES (63077, 390, 'Cherokee', 'chr', 0);
INSERT INTO codelist (codelist_id, el_id, codelist_name, codelist_domain, inspire) VALUES (63078, 390, 'Church Slavic', 'chu', 0);
INSERT INTO codelist (codelist_id, el_id, codelist_name, codelist_domain, inspire) VALUES (63079, 390, 'Chuvash', 'chv', 0);
INSERT INTO codelist (codelist_id, el_id, codelist_name, codelist_domain, inspire) VALUES (63080, 390, 'Cheyenne', 'chy', 0);
INSERT INTO codelist (codelist_id, el_id, codelist_name, codelist_domain, inspire) VALUES (63081, 390, 'Chamic languages', 'cmc', 0);
INSERT INTO codelist (codelist_id, el_id, codelist_name, codelist_domain, inspire) VALUES (63082, 390, 'Coptic', 'cop', 0);
INSERT INTO codelist (codelist_id, el_id, codelist_name, codelist_domain, inspire) VALUES (63083, 390, 'Cornish', 'cor', 0);
INSERT INTO codelist (codelist_id, el_id, codelist_name, codelist_domain, inspire) VALUES (63084, 390, 'Corsican', 'cos', 0);
INSERT INTO codelist (codelist_id, el_id, codelist_name, codelist_domain, inspire) VALUES (63085, 390, 'Creoles and pidgins, English-based', 'cpe', 0);
INSERT INTO codelist (codelist_id, el_id, codelist_name, codelist_domain, inspire) VALUES (63086, 390, 'Creoles and pidgins, French-based', 'cpf', 0);
INSERT INTO codelist (codelist_id, el_id, codelist_name, codelist_domain, inspire) VALUES (63087, 390, 'Creoles and pidgins, Portuguese-based', 'cpp', 0);
INSERT INTO codelist (codelist_id, el_id, codelist_name, codelist_domain, inspire) VALUES (63088, 390, 'Cree', 'cre', 0);
INSERT INTO codelist (codelist_id, el_id, codelist_name, codelist_domain, inspire) VALUES (63089, 390, 'Creoles and pidgins (Other)', 'crp', 0);
INSERT INTO codelist (codelist_id, el_id, codelist_name, codelist_domain, inspire) VALUES (63090, 390, 'Cushitic (Other)', 'cus', 0);
INSERT INTO codelist (codelist_id, el_id, codelist_name, codelist_domain, inspire) VALUES (63092, 390, 'Dakota', 'dak', 0);
INSERT INTO codelist (codelist_id, el_id, codelist_name, codelist_domain, inspire) VALUES (63094, 390, 'Dayak', 'day', 0);
INSERT INTO codelist (codelist_id, el_id, codelist_name, codelist_domain, inspire) VALUES (63095, 390, 'Delaware', 'del', 0);
INSERT INTO codelist (codelist_id, el_id, codelist_name, codelist_domain, inspire) VALUES (63096, 390, 'Slav (Athapascan)', 'den', 0);
INSERT INTO codelist (codelist_id, el_id, codelist_name, codelist_domain, inspire) VALUES (63101, 390, 'Dravidian (Other)', 'dra', 0);
INSERT INTO codelist (codelist_id, el_id, codelist_name, codelist_domain, inspire) VALUES (63102, 390, 'Duala', 'dua', 0);
INSERT INTO codelist (codelist_id, el_id, codelist_name, codelist_domain, inspire) VALUES (63103, 390, 'Dutch, Middle', 'dum', 0);
INSERT INTO codelist (codelist_id, el_id, codelist_name, codelist_domain, inspire) VALUES (63104, 390, 'Dutch', 'dut', 0);
INSERT INTO codelist (codelist_id, el_id, codelist_name, codelist_domain, inspire) VALUES (63105, 390, 'Dyula', 'dyu', 0);
INSERT INTO codelist (codelist_id, el_id, codelist_name, codelist_domain, inspire) VALUES (63106, 390, 'Dzongkha', 'dzo', 0);
INSERT INTO codelist (codelist_id, el_id, codelist_name, codelist_domain, inspire) VALUES (63107, 390, 'Efik', 'efi', 0);
INSERT INTO codelist (codelist_id, el_id, codelist_name, codelist_domain, inspire) VALUES (63108, 390, 'Egyptian (Ancient)', 'egy', 0);
INSERT INTO codelist (codelist_id, el_id, codelist_name, codelist_domain, inspire) VALUES (63109, 390, 'Ekajuk', 'eka', 0);
INSERT INTO codelist (codelist_id, el_id, codelist_name, codelist_domain, inspire) VALUES (63110, 390, 'Elamite', 'elx', 0);
INSERT INTO codelist (codelist_id, el_id, codelist_name, codelist_domain, inspire) VALUES (63112, 390, 'English, Middle', 'enm', 0);
INSERT INTO codelist (codelist_id, el_id, codelist_name, codelist_domain, inspire) VALUES (63113, 390, 'Esperanto', 'epo', 0);
INSERT INTO codelist (codelist_id, el_id, codelist_name, codelist_domain, inspire) VALUES (63115, 390, 'Ewe', 'ewe', 0);
INSERT INTO codelist (codelist_id, el_id, codelist_name, codelist_domain, inspire) VALUES (63116, 390, 'Ewondo', 'ewo', 0);
INSERT INTO codelist (codelist_id, el_id, codelist_name, codelist_domain, inspire) VALUES (63117, 390, 'Fang', 'fan', 0);
INSERT INTO codelist (codelist_id, el_id, codelist_name, codelist_domain, inspire) VALUES (63118, 390, 'Faeroese', 'fao', 0);
INSERT INTO codelist (codelist_id, el_id, codelist_name, codelist_domain, inspire) VALUES (63119, 390, 'Fanti', 'fat', 0);
INSERT INTO codelist (codelist_id, el_id, codelist_name, codelist_domain, inspire) VALUES (63121, 390, 'Fino-Ugrian (Other)', 'fiu', 0);
INSERT INTO codelist (codelist_id, el_id, codelist_name, codelist_domain, inspire) VALUES (63122, 390, 'Fon', 'fon', 0);
INSERT INTO codelist (codelist_id, el_id, codelist_name, codelist_domain, inspire) VALUES (63124, 390, 'French, Middle', 'frm', 0);
INSERT INTO codelist (codelist_id, el_id, codelist_name, codelist_domain, inspire) VALUES (63125, 390, 'French, Old', 'fro', 0);
INSERT INTO codelist (codelist_id, el_id, codelist_name, codelist_domain, inspire) VALUES (63126, 390, 'Frisian', 'fry', 0);
INSERT INTO codelist (codelist_id, el_id, codelist_name, codelist_domain, inspire) VALUES (63127, 390, 'Fulah', 'ful', 0);
INSERT INTO codelist (codelist_id, el_id, codelist_name, codelist_domain, inspire) VALUES (63128, 390, 'Friulian', 'fur', 0);
INSERT INTO codelist (codelist_id, el_id, codelist_name, codelist_domain, inspire) VALUES (63129, 390, 'Ga', 'gaa', 0);
INSERT INTO codelist (codelist_id, el_id, codelist_name, codelist_domain, inspire) VALUES (63130, 390, 'Gayo', 'gay', 0);
INSERT INTO codelist (codelist_id, el_id, codelist_name, codelist_domain, inspire) VALUES (63131, 390, 'Gbaya', 'gba', 0);
INSERT INTO codelist (codelist_id, el_id, codelist_name, codelist_domain, inspire) VALUES (63132, 390, 'Germanic (Other)', 'gem', 0);
INSERT INTO codelist (codelist_id, el_id, codelist_name, codelist_domain, inspire) VALUES (63133, 390, 'Georgian', 'geo', 0);
INSERT INTO codelist (codelist_id, el_id, codelist_name, codelist_domain, inspire) VALUES (63135, 390, 'Geez', 'gez', 0);
INSERT INTO codelist (codelist_id, el_id, codelist_name, codelist_domain, inspire) VALUES (63136, 390, 'Gilbertese', 'gil', 0);
INSERT INTO codelist (codelist_id, el_id, codelist_name, codelist_domain, inspire) VALUES (63137, 390, 'Gaelic', 'gla', 0);
INSERT INTO codelist (codelist_id, el_id, codelist_name, codelist_domain, inspire) VALUES (63138, 390, 'Irish', 'gle', 0);
INSERT INTO codelist (codelist_id, el_id, codelist_name, codelist_domain, inspire) VALUES (63139, 390, 'Gallegan', 'glg', 0);
INSERT INTO codelist (codelist_id, el_id, codelist_name, codelist_domain, inspire) VALUES (63140, 390, 'Manx', 'glv', 0);
INSERT INTO codelist (codelist_id, el_id, codelist_name, codelist_domain, inspire) VALUES (63141, 390, 'German, Middle High', 'gmh', 0);
INSERT INTO codelist (codelist_id, el_id, codelist_name, codelist_domain, inspire) VALUES (63142, 390, 'German, Old High', 'goh', 0);
INSERT INTO codelist (codelist_id, el_id, codelist_name, codelist_domain, inspire) VALUES (63143, 390, 'Gondi', 'gon', 0);
INSERT INTO codelist (codelist_id, el_id, codelist_name, codelist_domain, inspire) VALUES (63144, 390, 'Gorontalo', 'gor', 0);
INSERT INTO codelist (codelist_id, el_id, codelist_name, codelist_domain, inspire) VALUES (63369, 390, 'Swati', 'ssw', 0);
INSERT INTO codelist (codelist_id, el_id, codelist_name, codelist_domain, inspire) VALUES (63370, 390, 'Sukuma', 'suk', 0);
INSERT INTO codelist (codelist_id, el_id, codelist_name, codelist_domain, inspire) VALUES (63371, 390, 'Sundanese', 'sun', 0);
INSERT INTO codelist (codelist_id, el_id, codelist_name, codelist_domain, inspire) VALUES (63372, 390, 'Susu', 'sus', 0);
INSERT INTO codelist (codelist_id, el_id, codelist_name, codelist_domain, inspire) VALUES (63373, 390, 'Sumerian', 'sux', 0);
INSERT INTO codelist (codelist_id, el_id, codelist_name, codelist_domain, inspire) VALUES (63374, 390, 'Swahili', 'swa', 0);
INSERT INTO codelist (codelist_id, el_id, codelist_name, codelist_domain, inspire) VALUES (63376, 390, 'Syriac', 'syr', 0);
INSERT INTO codelist (codelist_id, el_id, codelist_name, codelist_domain, inspire) VALUES (63377, 390, 'Tahitian', 'tah', 0);
INSERT INTO codelist (codelist_id, el_id, codelist_name, codelist_domain, inspire) VALUES (63378, 390, 'Tai (Other)', 'tai', 0);
INSERT INTO codelist (codelist_id, el_id, codelist_name, codelist_domain, inspire) VALUES (63379, 390, 'Tamil', 'tam', 0);
INSERT INTO codelist (codelist_id, el_id, codelist_name, codelist_domain, inspire) VALUES (63380, 390, 'Tatar', 'tat', 0);
INSERT INTO codelist (codelist_id, el_id, codelist_name, codelist_domain, inspire) VALUES (63381, 390, 'Telugu', 'tel', 0);
INSERT INTO codelist (codelist_id, el_id, codelist_name, codelist_domain, inspire) VALUES (63382, 390, 'Timne', 'tem', 0);
INSERT INTO codelist (codelist_id, el_id, codelist_name, codelist_domain, inspire) VALUES (63383, 390, 'Tereno', 'ter', 0);
INSERT INTO codelist (codelist_id, el_id, codelist_name, codelist_domain, inspire) VALUES (63384, 390, 'Tetum', 'tet', 0);
INSERT INTO codelist (codelist_id, el_id, codelist_name, codelist_domain, inspire) VALUES (63385, 390, 'Tajik', 'tgk', 0);
INSERT INTO codelist (codelist_id, el_id, codelist_name, codelist_domain, inspire) VALUES (63386, 390, 'Tagalog', 'tgl', 0);
INSERT INTO codelist (codelist_id, el_id, codelist_name, codelist_domain, inspire) VALUES (63387, 390, 'Thai', 'tha', 0);
INSERT INTO codelist (codelist_id, el_id, codelist_name, codelist_domain, inspire) VALUES (63181, 390, 'Javanese', 'jav', 0);
INSERT INTO codelist (codelist_id, el_id, codelist_name, codelist_domain, inspire) VALUES (63182, 390, 'Japanese', 'jpn', 0);
INSERT INTO codelist (codelist_id, el_id, codelist_name, codelist_domain, inspire) VALUES (63183, 390, 'Judeo-Persian', 'jpr', 0);
INSERT INTO codelist (codelist_id, el_id, codelist_name, codelist_domain, inspire) VALUES (63184, 390, 'Judeo-Arabic', 'jrb', 0);
INSERT INTO codelist (codelist_id, el_id, codelist_name, codelist_domain, inspire) VALUES (63185, 390, 'Kara-Kalpak', 'kaa', 0);
INSERT INTO codelist (codelist_id, el_id, codelist_name, codelist_domain, inspire) VALUES (63186, 390, 'Kabyle', 'kab', 0);
INSERT INTO codelist (codelist_id, el_id, codelist_name, codelist_domain, inspire) VALUES (63187, 390, 'Kachin', 'kac', 0);
INSERT INTO codelist (codelist_id, el_id, codelist_name, codelist_domain, inspire) VALUES (63188, 390, 'Kalaallisut', 'kal', 0);
INSERT INTO codelist (codelist_id, el_id, codelist_name, codelist_domain, inspire) VALUES (63189, 390, 'Kamba', 'kam', 0);
INSERT INTO codelist (codelist_id, el_id, codelist_name, codelist_domain, inspire) VALUES (63190, 390, 'Kannada', 'kan', 0);
INSERT INTO codelist (codelist_id, el_id, codelist_name, codelist_domain, inspire) VALUES (63191, 390, 'Karen', 'kar', 0);
INSERT INTO codelist (codelist_id, el_id, codelist_name, codelist_domain, inspire) VALUES (63192, 390, 'Kashmiri', 'kas', 0);
INSERT INTO codelist (codelist_id, el_id, codelist_name, codelist_domain, inspire) VALUES (63193, 390, 'Kanuri', 'kau', 0);
INSERT INTO codelist (codelist_id, el_id, codelist_name, codelist_domain, inspire) VALUES (63194, 390, 'Kawi', 'kaw', 0);
INSERT INTO codelist (codelist_id, el_id, codelist_name, codelist_domain, inspire) VALUES (63195, 390, 'Kazakh', 'kaz', 0);
INSERT INTO codelist (codelist_id, el_id, codelist_name, codelist_domain, inspire) VALUES (63196, 390, 'Khasi', 'kha', 0);
INSERT INTO codelist (codelist_id, el_id, codelist_name, codelist_domain, inspire) VALUES (63197, 390, 'Khoisan (Other)', 'khi', 0);
INSERT INTO codelist (codelist_id, el_id, codelist_name, codelist_domain, inspire) VALUES (63198, 390, 'Khmer', 'khm', 0);
INSERT INTO codelist (codelist_id, el_id, codelist_name, codelist_domain, inspire) VALUES (63199, 390, 'Khotanese', 'kho', 0);
INSERT INTO codelist (codelist_id, el_id, codelist_name, codelist_domain, inspire) VALUES (63200, 390, 'Kikuyu', 'kik', 0);
INSERT INTO codelist (codelist_id, el_id, codelist_name, codelist_domain, inspire) VALUES (63201, 390, 'Kinyarwanda', 'kin', 0);
INSERT INTO codelist (codelist_id, el_id, codelist_name, codelist_domain, inspire) VALUES (63202, 390, 'Kirghiz', 'kir', 0);
INSERT INTO codelist (codelist_id, el_id, codelist_name, codelist_domain, inspire) VALUES (63203, 390, 'Kimbundu', 'kmb', 0);
INSERT INTO codelist (codelist_id, el_id, codelist_name, codelist_domain, inspire) VALUES (63204, 390, 'Konkani', 'kok', 0);
INSERT INTO codelist (codelist_id, el_id, codelist_name, codelist_domain, inspire) VALUES (63205, 390, 'Komi', 'kom', 0);
INSERT INTO codelist (codelist_id, el_id, codelist_name, codelist_domain, inspire) VALUES (63206, 390, 'Kongo', 'kon', 0);
INSERT INTO codelist (codelist_id, el_id, codelist_name, codelist_domain, inspire) VALUES (63207, 390, 'Korean', 'kor', 0);
INSERT INTO codelist (codelist_id, el_id, codelist_name, codelist_domain, inspire) VALUES (63208, 390, 'Kosraean', 'kos', 0);
INSERT INTO codelist (codelist_id, el_id, codelist_name, codelist_domain, inspire) VALUES (63209, 390, 'Kpelle', 'kpe', 0);
INSERT INTO codelist (codelist_id, el_id, codelist_name, codelist_domain, inspire) VALUES (63210, 390, 'Kru', 'kro', 0);
INSERT INTO codelist (codelist_id, el_id, codelist_name, codelist_domain, inspire) VALUES (63211, 390, 'Kurukh', 'kru', 0);
INSERT INTO codelist (codelist_id, el_id, codelist_name, codelist_domain, inspire) VALUES (63212, 390, 'Kuanyama', 'kua', 0);
INSERT INTO codelist (codelist_id, el_id, codelist_name, codelist_domain, inspire) VALUES (63213, 390, 'Kumyk', 'kum', 0);
INSERT INTO codelist (codelist_id, el_id, codelist_name, codelist_domain, inspire) VALUES (63214, 390, 'Kurdish', 'kur', 0);
INSERT INTO codelist (codelist_id, el_id, codelist_name, codelist_domain, inspire) VALUES (63215, 390, 'Kutenai', 'kut', 0);
INSERT INTO codelist (codelist_id, el_id, codelist_name, codelist_domain, inspire) VALUES (63216, 390, 'Ladino', 'lad', 0);
INSERT INTO codelist (codelist_id, el_id, codelist_name, codelist_domain, inspire) VALUES (63217, 390, 'Lahnda', 'lah', 0);
INSERT INTO codelist (codelist_id, el_id, codelist_name, codelist_domain, inspire) VALUES (63218, 390, 'Lamba', 'lam', 0);
INSERT INTO codelist (codelist_id, el_id, codelist_name, codelist_domain, inspire) VALUES (63219, 390, 'Lao', 'lao', 0);
INSERT INTO codelist (codelist_id, el_id, codelist_name, codelist_domain, inspire) VALUES (63220, 390, 'Latin', 'lat', 0);
INSERT INTO codelist (codelist_id, el_id, codelist_name, codelist_domain, inspire) VALUES (63222, 390, 'Lezghian', 'lez', 0);
INSERT INTO codelist (codelist_id, el_id, codelist_name, codelist_domain, inspire) VALUES (63223, 390, 'Lingala', 'lin', 0);
INSERT INTO codelist (codelist_id, el_id, codelist_name, codelist_domain, inspire) VALUES (63225, 390, 'Mongo', 'lol', 0);
INSERT INTO codelist (codelist_id, el_id, codelist_name, codelist_domain, inspire) VALUES (63226, 390, 'Lozi', 'loz', 0);
INSERT INTO codelist (codelist_id, el_id, codelist_name, codelist_domain, inspire) VALUES (63227, 390, 'Luxembourgish', 'ltz', 0);
INSERT INTO codelist (codelist_id, el_id, codelist_name, codelist_domain, inspire) VALUES (63228, 390, 'Luba-Lulua', 'lua', 0);
INSERT INTO codelist (codelist_id, el_id, codelist_name, codelist_domain, inspire) VALUES (63229, 390, 'Luba-Katanga', 'lub', 0);
INSERT INTO codelist (codelist_id, el_id, codelist_name, codelist_domain, inspire) VALUES (63230, 390, 'Ganda', 'lug', 0);
INSERT INTO codelist (codelist_id, el_id, codelist_name, codelist_domain, inspire) VALUES (63231, 390, 'Luiseno', 'lui', 0);
INSERT INTO codelist (codelist_id, el_id, codelist_name, codelist_domain, inspire) VALUES (63232, 390, 'Lunda', 'lun', 0);
INSERT INTO codelist (codelist_id, el_id, codelist_name, codelist_domain, inspire) VALUES (63233, 390, 'Lushai', 'lus', 0);
INSERT INTO codelist (codelist_id, el_id, codelist_name, codelist_domain, inspire) VALUES (63234, 390, 'Macedonian', 'mac', 0);
INSERT INTO codelist (codelist_id, el_id, codelist_name, codelist_domain, inspire) VALUES (63235, 390, 'Madurese', 'mad', 0);
INSERT INTO codelist (codelist_id, el_id, codelist_name, codelist_domain, inspire) VALUES (63236, 390, 'Magahi', 'mag', 0);
INSERT INTO codelist (codelist_id, el_id, codelist_name, codelist_domain, inspire) VALUES (63237, 390, 'Marshallese', 'mah', 0);
INSERT INTO codelist (codelist_id, el_id, codelist_name, codelist_domain, inspire) VALUES (63238, 390, 'Maithili', 'mai', 0);
INSERT INTO codelist (codelist_id, el_id, codelist_name, codelist_domain, inspire) VALUES (63239, 390, 'Makasar', 'mak', 0);
INSERT INTO codelist (codelist_id, el_id, codelist_name, codelist_domain, inspire) VALUES (63240, 390, 'Malayalam', 'mal', 0);
INSERT INTO codelist (codelist_id, el_id, codelist_name, codelist_domain, inspire) VALUES (63241, 390, 'Mandingo', 'man', 0);
INSERT INTO codelist (codelist_id, el_id, codelist_name, codelist_domain, inspire) VALUES (63242, 390, 'Maori', 'mao', 0);
INSERT INTO codelist (codelist_id, el_id, codelist_name, codelist_domain, inspire) VALUES (63243, 390, 'Austroneasian', 'map', 0);
INSERT INTO codelist (codelist_id, el_id, codelist_name, codelist_domain, inspire) VALUES (63244, 390, 'Marathi', 'mar', 0);
INSERT INTO codelist (codelist_id, el_id, codelist_name, codelist_domain, inspire) VALUES (63245, 390, 'Masai', 'mas', 0);
INSERT INTO codelist (codelist_id, el_id, codelist_name, codelist_domain, inspire) VALUES (63246, 390, 'Malay', 'may', 0);
INSERT INTO codelist (codelist_id, el_id, codelist_name, codelist_domain, inspire) VALUES (63247, 390, 'Mandar', 'mdr', 0);
INSERT INTO codelist (codelist_id, el_id, codelist_name, codelist_domain, inspire) VALUES (63248, 390, 'Mende', 'men', 0);
INSERT INTO codelist (codelist_id, el_id, codelist_name, codelist_domain, inspire) VALUES (63249, 390, 'Irish, Middle', 'mga', 0);
INSERT INTO codelist (codelist_id, el_id, codelist_name, codelist_domain, inspire) VALUES (63250, 390, 'Micmac', 'mic', 0);
INSERT INTO codelist (codelist_id, el_id, codelist_name, codelist_domain, inspire) VALUES (63251, 390, 'Minangkabau', 'min', 0);
INSERT INTO codelist (codelist_id, el_id, codelist_name, codelist_domain, inspire) VALUES (63252, 390, 'Miscellaneous languages', 'mis', 0);
INSERT INTO codelist (codelist_id, el_id, codelist_name, codelist_domain, inspire) VALUES (63253, 390, 'Mon-Khmer (Other)', 'mkh', 0);
INSERT INTO codelist (codelist_id, el_id, codelist_name, codelist_domain, inspire) VALUES (63254, 390, 'Malagasy', 'mlg', 0);
INSERT INTO codelist (codelist_id, el_id, codelist_name, codelist_domain, inspire) VALUES (63256, 390, 'Manchu', 'mnc', 0);
INSERT INTO codelist (codelist_id, el_id, codelist_name, codelist_domain, inspire) VALUES (63257, 390, 'Manipuri', 'mni', 0);
INSERT INTO codelist (codelist_id, el_id, codelist_name, codelist_domain, inspire) VALUES (63258, 390, 'Manobo languages', 'mno', 0);
INSERT INTO codelist (codelist_id, el_id, codelist_name, codelist_domain, inspire) VALUES (63259, 390, 'Mohawk', 'moh', 0);
INSERT INTO codelist (codelist_id, el_id, codelist_name, codelist_domain, inspire) VALUES (1013, 400, '8859part8', '13', 0);
INSERT INTO codelist (codelist_id, el_id, codelist_name, codelist_domain, inspire) VALUES (1012, 400, '8859part7', '12', 0);
INSERT INTO codelist (codelist_id, el_id, codelist_name, codelist_domain, inspire) VALUES (1030, 400, 'win1250', '30', 1);
INSERT INTO codelist (codelist_id, el_id, codelist_name, codelist_domain, inspire) VALUES (63180, 390, 'Italian', 'ita', 1);
INSERT INTO codelist (codelist_id, el_id, codelist_name, codelist_domain, inspire) VALUES (100081, 10008, 'Collection', NULL, 1);
INSERT INTO codelist (codelist_id, el_id, codelist_name, codelist_domain, inspire) VALUES (63285, 390, 'Nubian languages', 'nub', 0);
INSERT INTO codelist (codelist_id, el_id, codelist_name, codelist_domain, inspire) VALUES (63286, 390, 'Chichewa', 'nya', 0);
INSERT INTO codelist (codelist_id, el_id, codelist_name, codelist_domain, inspire) VALUES (63287, 390, 'Nyamwezi', 'nym', 0);
INSERT INTO codelist (codelist_id, el_id, codelist_name, codelist_domain, inspire) VALUES (63288, 390, 'Nyankole', 'nyn', 0);
INSERT INTO codelist (codelist_id, el_id, codelist_name, codelist_domain, inspire) VALUES (63289, 390, 'Nyoro', 'nyo', 0);
INSERT INTO codelist (codelist_id, el_id, codelist_name, codelist_domain, inspire) VALUES (63290, 390, 'Nzima', 'nzi', 0);
INSERT INTO codelist (codelist_id, el_id, codelist_name, codelist_domain, inspire) VALUES (63291, 390, 'Occitan', 'oci', 0);
INSERT INTO codelist (codelist_id, el_id, codelist_name, codelist_domain, inspire) VALUES (63292, 390, 'Ojibwa', 'oji', 0);
INSERT INTO codelist (codelist_id, el_id, codelist_name, codelist_domain, inspire) VALUES (63293, 390, 'Oriya', 'ori', 0);
INSERT INTO codelist (codelist_id, el_id, codelist_name, codelist_domain, inspire) VALUES (63294, 390, 'Oromo', 'orm', 0);
INSERT INTO codelist (codelist_id, el_id, codelist_name, codelist_domain, inspire) VALUES (63295, 390, 'Osage', 'osa', 0);
INSERT INTO codelist (codelist_id, el_id, codelist_name, codelist_domain, inspire) VALUES (63296, 390, 'Ossetian', 'oss', 0);
INSERT INTO codelist (codelist_id, el_id, codelist_name, codelist_domain, inspire) VALUES (63297, 390, 'Turkish, Ottoman', 'ota', 0);
INSERT INTO codelist (codelist_id, el_id, codelist_name, codelist_domain, inspire) VALUES (63298, 390, 'Otomian languages', 'oto', 0);
INSERT INTO codelist (codelist_id, el_id, codelist_name, codelist_domain, inspire) VALUES (63299, 390, 'Papuan (Other)', 'paa', 0);
INSERT INTO codelist (codelist_id, el_id, codelist_name, codelist_domain, inspire) VALUES (63300, 390, 'Pangasinan', 'pag', 0);
INSERT INTO codelist (codelist_id, el_id, codelist_name, codelist_domain, inspire) VALUES (63301, 390, 'Pahlavi', 'pal', 0);
INSERT INTO codelist (codelist_id, el_id, codelist_name, codelist_domain, inspire) VALUES (63302, 390, 'Pampanga', 'pam', 0);
INSERT INTO codelist (codelist_id, el_id, codelist_name, codelist_domain, inspire) VALUES (63303, 390, 'Panjabi', 'pan', 0);
INSERT INTO codelist (codelist_id, el_id, codelist_name, codelist_domain, inspire) VALUES (63304, 390, 'Papiamento', 'pap', 0);
INSERT INTO codelist (codelist_id, el_id, codelist_name, codelist_domain, inspire) VALUES (63305, 390, 'Palauan', 'pau', 0);
INSERT INTO codelist (codelist_id, el_id, codelist_name, codelist_domain, inspire) VALUES (63306, 390, 'Persian, Old', 'peo', 0);
INSERT INTO codelist (codelist_id, el_id, codelist_name, codelist_domain, inspire) VALUES (63307, 390, 'Persian', 'per', 0);
INSERT INTO codelist (codelist_id, el_id, codelist_name, codelist_domain, inspire) VALUES (63308, 390, 'Philippine (Other)', 'phi', 0);
INSERT INTO codelist (codelist_id, el_id, codelist_name, codelist_domain, inspire) VALUES (63309, 390, 'Phoenician', 'phn', 0);
INSERT INTO codelist (codelist_id, el_id, codelist_name, codelist_domain, inspire) VALUES (63310, 390, 'Pali', 'pli', 0);
INSERT INTO codelist (codelist_id, el_id, codelist_name, codelist_domain, inspire) VALUES (811, 665, 'program', '11', 1);
INSERT INTO codelist (codelist_id, el_id, codelist_name, codelist_domain, inspire) VALUES (63312, 390, 'Pohnpeian', 'pon', 0);
INSERT INTO codelist (codelist_id, el_id, codelist_name, codelist_domain, inspire) VALUES (63314, 390, 'Prakrit languages', 'pra', 0);
INSERT INTO codelist (codelist_id, el_id, codelist_name, codelist_domain, inspire) VALUES (63315, 390, 'Provencal, Old', 'pro', 0);
INSERT INTO codelist (codelist_id, el_id, codelist_name, codelist_domain, inspire) VALUES (63316, 390, 'Pushto', 'pus', 0);
INSERT INTO codelist (codelist_id, el_id, codelist_name, codelist_domain, inspire) VALUES (63317, 390, 'Quechua', 'que', 0);
INSERT INTO codelist (codelist_id, el_id, codelist_name, codelist_domain, inspire) VALUES (63318, 390, 'Rajasthani', 'raj', 0);
INSERT INTO codelist (codelist_id, el_id, codelist_name, codelist_domain, inspire) VALUES (63319, 390, 'Rapanui', 'rap', 0);
INSERT INTO codelist (codelist_id, el_id, codelist_name, codelist_domain, inspire) VALUES (63320, 390, 'Rarotongan', 'rar', 0);
INSERT INTO codelist (codelist_id, el_id, codelist_name, codelist_domain, inspire) VALUES (63321, 390, 'Romance (Other)', 'roa', 0);
INSERT INTO codelist (codelist_id, el_id, codelist_name, codelist_domain, inspire) VALUES (63322, 390, 'Raeto-Romance', 'roh', 0);
INSERT INTO codelist (codelist_id, el_id, codelist_name, codelist_domain, inspire) VALUES (63323, 390, 'Romany', 'rom', 0);
INSERT INTO codelist (codelist_id, el_id, codelist_name, codelist_domain, inspire) VALUES (63325, 390, 'Rundi', 'run', 0);
INSERT INTO codelist (codelist_id, el_id, codelist_name, codelist_domain, inspire) VALUES (63326, 390, 'Russian', 'rus', 0);
INSERT INTO codelist (codelist_id, el_id, codelist_name, codelist_domain, inspire) VALUES (63327, 390, 'Sandawe', 'sad', 0);
INSERT INTO codelist (codelist_id, el_id, codelist_name, codelist_domain, inspire) VALUES (63328, 390, 'Sango', 'sag', 0);
INSERT INTO codelist (codelist_id, el_id, codelist_name, codelist_domain, inspire) VALUES (63329, 390, 'Yakut', 'sah', 0);
INSERT INTO codelist (codelist_id, el_id, codelist_name, codelist_domain, inspire) VALUES (63330, 390, 'South American Indian (Other)', 'sai', 0);
INSERT INTO codelist (codelist_id, el_id, codelist_name, codelist_domain, inspire) VALUES (63331, 390, 'Salishan languages', 'sal', 0);
INSERT INTO codelist (codelist_id, el_id, codelist_name, codelist_domain, inspire) VALUES (63332, 390, 'Samaritan Aramaic', 'sam', 0);
INSERT INTO codelist (codelist_id, el_id, codelist_name, codelist_domain, inspire) VALUES (63333, 390, 'Sanskrit', 'san', 0);
INSERT INTO codelist (codelist_id, el_id, codelist_name, codelist_domain, inspire) VALUES (63334, 390, 'Sasak', 'sas', 0);
INSERT INTO codelist (codelist_id, el_id, codelist_name, codelist_domain, inspire) VALUES (63335, 390, 'Santali', 'sat', 0);
INSERT INTO codelist (codelist_id, el_id, codelist_name, codelist_domain, inspire) VALUES (63337, 390, 'Scots', 'sco', 0);
INSERT INTO codelist (codelist_id, el_id, codelist_name, codelist_domain, inspire) VALUES (63339, 390, 'Selkup', 'sel', 0);
INSERT INTO codelist (codelist_id, el_id, codelist_name, codelist_domain, inspire) VALUES (63340, 390, 'Semitic (Other)', 'sem', 0);
INSERT INTO codelist (codelist_id, el_id, codelist_name, codelist_domain, inspire) VALUES (63341, 390, 'Irish, Old', 'sga', 0);
INSERT INTO codelist (codelist_id, el_id, codelist_name, codelist_domain, inspire) VALUES (63342, 390, 'Sign Languages', 'sgn', 0);
INSERT INTO codelist (codelist_id, el_id, codelist_name, codelist_domain, inspire) VALUES (63343, 390, 'Shan', 'shn', 0);
INSERT INTO codelist (codelist_id, el_id, codelist_name, codelist_domain, inspire) VALUES (63344, 390, 'Sidamo', 'sid', 0);
INSERT INTO codelist (codelist_id, el_id, codelist_name, codelist_domain, inspire) VALUES (63345, 390, 'Sinhalese', 'sin', 0);
INSERT INTO codelist (codelist_id, el_id, codelist_name, codelist_domain, inspire) VALUES (63346, 390, 'Siouan languages', 'sio', 0);
INSERT INTO codelist (codelist_id, el_id, codelist_name, codelist_domain, inspire) VALUES (63347, 390, 'Sino-Tibetan (Other)', 'sit', 0);
INSERT INTO codelist (codelist_id, el_id, codelist_name, codelist_domain, inspire) VALUES (63348, 390, 'Slavic (Other)', 'sla', 0);
INSERT INTO codelist (codelist_id, el_id, codelist_name, codelist_domain, inspire) VALUES (63351, 390, 'Southern Sami', 'sma', 0);
INSERT INTO codelist (codelist_id, el_id, codelist_name, codelist_domain, inspire) VALUES (63352, 390, 'Northern Sami', 'sme', 0);
INSERT INTO codelist (codelist_id, el_id, codelist_name, codelist_domain, inspire) VALUES (63353, 390, 'Sami languages (Other)', 'smi', 0);
INSERT INTO codelist (codelist_id, el_id, codelist_name, codelist_domain, inspire) VALUES (63354, 390, 'Lule Sami', 'smj', 0);
INSERT INTO codelist (codelist_id, el_id, codelist_name, codelist_domain, inspire) VALUES (63355, 390, 'Inari Sami', 'smn', 0);
INSERT INTO codelist (codelist_id, el_id, codelist_name, codelist_domain, inspire) VALUES (63356, 390, 'Samoan', 'smo', 0);
INSERT INTO codelist (codelist_id, el_id, codelist_name, codelist_domain, inspire) VALUES (63357, 390, 'Skolt Sami', 'sms', 0);
INSERT INTO codelist (codelist_id, el_id, codelist_name, codelist_domain, inspire) VALUES (63358, 390, 'Shona', 'sna', 0);
INSERT INTO codelist (codelist_id, el_id, codelist_name, codelist_domain, inspire) VALUES (63359, 390, 'Sindhi', 'snd', 0);
INSERT INTO codelist (codelist_id, el_id, codelist_name, codelist_domain, inspire) VALUES (63360, 390, 'Soninke', 'snk', 0);
INSERT INTO codelist (codelist_id, el_id, codelist_name, codelist_domain, inspire) VALUES (63361, 390, 'Sogdian', 'sog', 0);
INSERT INTO codelist (codelist_id, el_id, codelist_name, codelist_domain, inspire) VALUES (63362, 390, 'Somali', 'som', 0);
INSERT INTO codelist (codelist_id, el_id, codelist_name, codelist_domain, inspire) VALUES (63363, 390, 'Songhai', 'son', 0);
INSERT INTO codelist (codelist_id, el_id, codelist_name, codelist_domain, inspire) VALUES (63364, 390, 'Sotho, Southern', 'sot', 0);
INSERT INTO codelist (codelist_id, el_id, codelist_name, codelist_domain, inspire) VALUES (63366, 390, 'Sardinian', 'srd', 0);
INSERT INTO codelist (codelist_id, el_id, codelist_name, codelist_domain, inspire) VALUES (63367, 390, 'Serer', 'srr', 0);
INSERT INTO codelist (codelist_id, el_id, codelist_name, codelist_domain, inspire) VALUES (63368, 390, 'Nilo-Saharan (Other)', 'ssa', 0);
INSERT INTO codelist (codelist_id, el_id, codelist_name, codelist_domain, inspire) VALUES (50212, 5021, 'minute', '2', 1);
INSERT INTO codelist (codelist_id, el_id, codelist_name, codelist_domain, inspire) VALUES (50213, 5021, 'hour', '3', 1);
INSERT INTO codelist (codelist_id, el_id, codelist_name, codelist_domain, inspire) VALUES (50214, 5021, 'day', '4', 1);
INSERT INTO codelist (codelist_id, el_id, codelist_name, codelist_domain, inspire) VALUES (50215, 5021, 'week', '5', 1);
INSERT INTO codelist (codelist_id, el_id, codelist_name, codelist_domain, inspire) VALUES (50216, 5021, 'month', '6', 1);
INSERT INTO codelist (codelist_id, el_id, codelist_name, codelist_domain, inspire) VALUES (50217, 5021, 'year', '7', 1);
INSERT INTO codelist (codelist_id, el_id, codelist_name, codelist_domain, inspire) VALUES (63388, 390, 'Tibetan', 'tib', 0);
INSERT INTO codelist (codelist_id, el_id, codelist_name, codelist_domain, inspire) VALUES (63389, 390, 'Tigre', 'tig', 0);
INSERT INTO codelist (codelist_id, el_id, codelist_name, codelist_domain, inspire) VALUES (63390, 390, 'Tigrinya', 'tir', 0);
INSERT INTO codelist (codelist_id, el_id, codelist_name, codelist_domain, inspire) VALUES (63391, 390, 'Tiv', 'tiv', 0);
INSERT INTO codelist (codelist_id, el_id, codelist_name, codelist_domain, inspire) VALUES (63151, 390, 'Gwich''in', 'gwi', 0);
INSERT INTO codelist (codelist_id, el_id, codelist_name, codelist_domain, inspire) VALUES (63392, 390, 'Tokelau', 'tkl', 0);
INSERT INTO codelist (codelist_id, el_id, codelist_name, codelist_domain, inspire) VALUES (63393, 390, 'Tlingit', 'tli', 0);
INSERT INTO codelist (codelist_id, el_id, codelist_name, codelist_domain, inspire) VALUES (63394, 390, 'Tamashek', 'tmh', 0);
INSERT INTO codelist (codelist_id, el_id, codelist_name, codelist_domain, inspire) VALUES (63395, 390, 'Tonga (Nyasa)', 'tog', 0);
INSERT INTO codelist (codelist_id, el_id, codelist_name, codelist_domain, inspire) VALUES (63396, 390, 'Tonga (Tonga Islands)', 'ton', 0);
INSERT INTO codelist (codelist_id, el_id, codelist_name, codelist_domain, inspire) VALUES (63397, 390, 'Tok Pisin', 'tpi', 0);
INSERT INTO codelist (codelist_id, el_id, codelist_name, codelist_domain, inspire) VALUES (63398, 390, 'Tsimshian', 'tsi', 0);
INSERT INTO codelist (codelist_id, el_id, codelist_name, codelist_domain, inspire) VALUES (63399, 390, 'Tswana', 'tsn', 0);
INSERT INTO codelist (codelist_id, el_id, codelist_name, codelist_domain, inspire) VALUES (63400, 390, 'Tsonga', 'tso', 0);
INSERT INTO codelist (codelist_id, el_id, codelist_name, codelist_domain, inspire) VALUES (63401, 390, 'Turkmen', 'tuk', 0);
INSERT INTO codelist (codelist_id, el_id, codelist_name, codelist_domain, inspire) VALUES (63402, 390, 'Tupi languages', 'tup', 0);
INSERT INTO codelist (codelist_id, el_id, codelist_name, codelist_domain, inspire) VALUES (63403, 390, 'Turkish', 'tur', 0);
INSERT INTO codelist (codelist_id, el_id, codelist_name, codelist_domain, inspire) VALUES (63404, 390, 'Altaic (Other)', 'tut', 0);
INSERT INTO codelist (codelist_id, el_id, codelist_name, codelist_domain, inspire) VALUES (63405, 390, 'Tuvalu', 'tvl', 0);
INSERT INTO codelist (codelist_id, el_id, codelist_name, codelist_domain, inspire) VALUES (63406, 390, 'Twi', 'twi', 0);
INSERT INTO codelist (codelist_id, el_id, codelist_name, codelist_domain, inspire) VALUES (63407, 390, 'Tuvinian', 'tyv', 0);
INSERT INTO codelist (codelist_id, el_id, codelist_name, codelist_domain, inspire) VALUES (63408, 390, 'Ugaritic', 'uga', 0);
INSERT INTO codelist (codelist_id, el_id, codelist_name, codelist_domain, inspire) VALUES (63409, 390, 'Uighur', 'uig', 0);
INSERT INTO codelist (codelist_id, el_id, codelist_name, codelist_domain, inspire) VALUES (63410, 390, 'Ukranian', 'ukr', 0);
INSERT INTO codelist (codelist_id, el_id, codelist_name, codelist_domain, inspire) VALUES (63411, 390, 'Umbundu', 'umb', 0);
INSERT INTO codelist (codelist_id, el_id, codelist_name, codelist_domain, inspire) VALUES (63412, 390, 'Undetermined', 'und', 0);
INSERT INTO codelist (codelist_id, el_id, codelist_name, codelist_domain, inspire) VALUES (63413, 390, 'Urdu', 'urd', 0);
INSERT INTO codelist (codelist_id, el_id, codelist_name, codelist_domain, inspire) VALUES (63414, 390, 'Uzbek', 'uzb', 0);
INSERT INTO codelist (codelist_id, el_id, codelist_name, codelist_domain, inspire) VALUES (63415, 390, 'Vai', 'vai', 0);
INSERT INTO codelist (codelist_id, el_id, codelist_name, codelist_domain, inspire) VALUES (63416, 390, 'Venda', 'ven', 0);
INSERT INTO codelist (codelist_id, el_id, codelist_name, codelist_domain, inspire) VALUES (63417, 390, 'Vietnamese', 'vie', 0);
INSERT INTO codelist (codelist_id, el_id, codelist_name, codelist_domain, inspire) VALUES (63418, 390, 'Volapuk', 'vol', 0);
INSERT INTO codelist (codelist_id, el_id, codelist_name, codelist_domain, inspire) VALUES (63419, 390, 'Votic', 'vot', 0);
INSERT INTO codelist (codelist_id, el_id, codelist_name, codelist_domain, inspire) VALUES (63420, 390, 'Wakashan languages', 'wak', 0);
INSERT INTO codelist (codelist_id, el_id, codelist_name, codelist_domain, inspire) VALUES (63421, 390, 'Walamo', 'wal', 0);
INSERT INTO codelist (codelist_id, el_id, codelist_name, codelist_domain, inspire) VALUES (63422, 390, 'Waray', 'war', 0);
INSERT INTO codelist (codelist_id, el_id, codelist_name, codelist_domain, inspire) VALUES (63423, 390, 'Washo', 'was', 0);
INSERT INTO codelist (codelist_id, el_id, codelist_name, codelist_domain, inspire) VALUES (63424, 390, 'Welsh', 'wel', 0);
INSERT INTO codelist (codelist_id, el_id, codelist_name, codelist_domain, inspire) VALUES (63425, 390, 'Sorbian languages', 'wen', 0);
INSERT INTO codelist (codelist_id, el_id, codelist_name, codelist_domain, inspire) VALUES (63426, 390, 'Wallon', 'wln', 0);
INSERT INTO codelist (codelist_id, el_id, codelist_name, codelist_domain, inspire) VALUES (63427, 390, 'Wolof', 'wol', 0);
INSERT INTO codelist (codelist_id, el_id, codelist_name, codelist_domain, inspire) VALUES (63428, 390, 'Xhosa', 'xho', 0);
INSERT INTO codelist (codelist_id, el_id, codelist_name, codelist_domain, inspire) VALUES (63429, 390, 'Yao', 'yao', 0);
INSERT INTO codelist (codelist_id, el_id, codelist_name, codelist_domain, inspire) VALUES (63430, 390, 'Yapese', 'yap', 0);
INSERT INTO codelist (codelist_id, el_id, codelist_name, codelist_domain, inspire) VALUES (63431, 390, 'Yiddish', 'yid', 0);
INSERT INTO codelist (codelist_id, el_id, codelist_name, codelist_domain, inspire) VALUES (63432, 390, 'Yoruba', 'yor', 0);
INSERT INTO codelist (codelist_id, el_id, codelist_name, codelist_domain, inspire) VALUES (63433, 390, 'Yupik languages', 'ypk', 0);
INSERT INTO codelist (codelist_id, el_id, codelist_name, codelist_domain, inspire) VALUES (63434, 390, 'Zapotec', 'zap', 0);
INSERT INTO codelist (codelist_id, el_id, codelist_name, codelist_domain, inspire) VALUES (63435, 390, 'Zenaga', 'zen', 0);
INSERT INTO codelist (codelist_id, el_id, codelist_name, codelist_domain, inspire) VALUES (63436, 390, 'Zhuang', 'zha', 0);
INSERT INTO codelist (codelist_id, el_id, codelist_name, codelist_domain, inspire) VALUES (63437, 390, 'Zande', 'znd', 0);
INSERT INTO codelist (codelist_id, el_id, codelist_name, codelist_domain, inspire) VALUES (63438, 390, 'Zulu', 'zul', 0);
INSERT INTO codelist (codelist_id, el_id, codelist_name, codelist_domain, inspire) VALUES (63439, 390, 'Zuni', 'zun', 0);
INSERT INTO codelist (codelist_id, el_id, codelist_name, codelist_domain, inspire) VALUES (63111, 390, 'English', 'eng', 1);
INSERT INTO codelist (codelist_id, el_id, codelist_name, codelist_domain, inspire) VALUES (63091, 390, 'Czech', 'cze', 1);
INSERT INTO codelist (codelist_id, el_id, codelist_name, codelist_domain, inspire) VALUES (63134, 390, 'German', 'ger', 1);
INSERT INTO codelist (codelist_id, el_id, codelist_name, codelist_domain, inspire) VALUES (1002, 400, 'ucs4', '2', 0);
INSERT INTO codelist (codelist_id, el_id, codelist_name, codelist_domain, inspire) VALUES (1003, 400, 'utf7', '3', 0);
INSERT INTO codelist (codelist_id, el_id, codelist_name, codelist_domain, inspire) VALUES (1022, 400, 'jis', '22', 0);
INSERT INTO codelist (codelist_id, el_id, codelist_name, codelist_domain, inspire) VALUES (1023, 400, 'shiftJIS', '23', 0);
INSERT INTO codelist (codelist_id, el_id, codelist_name, codelist_domain, inspire) VALUES (1024, 400, 'eucJP', '24', 0);
INSERT INTO codelist (codelist_id, el_id, codelist_name, codelist_domain, inspire) VALUES (1026, 400, 'ebcdic', '26', 0);
INSERT INTO codelist (codelist_id, el_id, codelist_name, codelist_domain, inspire) VALUES (1027, 400, 'eucKR', '27', 0);
INSERT INTO codelist (codelist_id, el_id, codelist_name, codelist_domain, inspire) VALUES (1028, 400, 'big5', '28', 0);
INSERT INTO codelist (codelist_id, el_id, codelist_name, codelist_domain, inspire) VALUES (1029, 400, 'GB2312', '29', 0);
INSERT INTO codelist (codelist_id, el_id, codelist_name, codelist_domain, inspire) VALUES (1021, 400, '8859part16', '21', 0);
INSERT INTO codelist (codelist_id, el_id, codelist_name, codelist_domain, inspire) VALUES (1020, 400, '8859part15', '20', 0);
INSERT INTO codelist (codelist_id, el_id, codelist_name, codelist_domain, inspire) VALUES (1019, 400, '8859part14', '19', 0);
INSERT INTO codelist (codelist_id, el_id, codelist_name, codelist_domain, inspire) VALUES (1018, 400, '8859part13', '18', 0);
INSERT INTO codelist (codelist_id, el_id, codelist_name, codelist_domain, inspire) VALUES (1016, 400, '8859part11', '16', 0);
INSERT INTO codelist (codelist_id, el_id, codelist_name, codelist_domain, inspire) VALUES (1015, 400, '8859part10', '15', 0);
INSERT INTO codelist (codelist_id, el_id, codelist_name, codelist_domain, inspire) VALUES (1014, 400, '8859part9', '14', 0);
INSERT INTO codelist (codelist_id, el_id, codelist_name, codelist_domain, inspire) VALUES (63123, 390, 'French', 'fre', 1);
INSERT INTO codelist (codelist_id, el_id, codelist_name, codelist_domain, inspire) VALUES (1031, 400, 'CP852', '31', 1);
INSERT INTO codelist (codelist_id, el_id, codelist_name, codelist_domain, inspire) VALUES (100082, 10008, 'Dataset', NULL, 1);
INSERT INTO codelist (codelist_id, el_id, codelist_name, codelist_domain, inspire) VALUES (100083, 10008, 'Event', NULL, 1);
INSERT INTO codelist (codelist_id, el_id, codelist_name, codelist_domain, inspire) VALUES (100084, 10008, 'Image', NULL, 1);
INSERT INTO codelist (codelist_id, el_id, codelist_name, codelist_domain, inspire) VALUES (100088, 10008, 'Service', NULL, 1);
INSERT INTO codelist (codelist_id, el_id, codelist_name, codelist_domain, inspire) VALUES (100089, 10008, 'Software', NULL, 1);
INSERT INTO codelist (codelist_id, el_id, codelist_name, codelist_domain, inspire) VALUES (100090, 10008, 'Sound', NULL, 1);
INSERT INTO codelist (codelist_id, el_id, codelist_name, codelist_domain, inspire) VALUES (100092, 10008, 'Text', NULL, 1);
INSERT INTO codelist (codelist_id, el_id, codelist_name, codelist_domain, inspire) VALUES (3573, 3570, 'mile', NULL, 1);
INSERT INTO codelist (codelist_id, el_id, codelist_name, codelist_domain, inspire) VALUES (3574, 3570, 'yard', NULL, 1);
INSERT INTO codelist (codelist_id, el_id, codelist_name, codelist_domain, inspire) VALUES (3575, 3570, 'foot', NULL, 1);
INSERT INTO codelist (codelist_id, el_id, codelist_name, codelist_domain, inspire) VALUES (3576, 3570, 'nanometer', NULL, 1);
INSERT INTO codelist (codelist_id, el_id, codelist_name, codelist_domain, inspire) VALUES (3577, 3570, 'mikrometer', NULL, 1);
INSERT INTO codelist (codelist_id, el_id, codelist_name, codelist_domain, inspire) VALUES (50131, 5013, 'degrees', '1', 1);
INSERT INTO codelist (codelist_id, el_id, codelist_name, codelist_domain, inspire) VALUES (50132, 5013, 'minutes', '2', 1);
INSERT INTO codelist (codelist_id, el_id, codelist_name, codelist_domain, inspire) VALUES (50133, 5013, 'seconds', '3', 1);
INSERT INTO codelist (codelist_id, el_id, codelist_name, codelist_domain, inspire) VALUES (50134, 5013, 'radians', '4', 1);
INSERT INTO codelist (codelist_id, el_id, codelist_name, codelist_domain, inspire) VALUES (50211, 5021, 'second', '1', 1);
INSERT INTO codelist (codelist_id, el_id, codelist_name, codelist_domain, inspire) VALUES (3570, 3570, 'km', NULL, 1);
INSERT INTO codelist (codelist_id, el_id, codelist_name, codelist_domain, inspire) VALUES (3571, 3570, 'm', NULL, 1);
INSERT INTO codelist (codelist_id, el_id, codelist_name, codelist_domain, inspire) VALUES (3572, 3570, 'dm', NULL, 1);
INSERT INTO codelist (codelist_id, el_id, codelist_name, codelist_domain, inspire) VALUES (2514, 1460, 'service', '-14', 1);
INSERT INTO codelist (codelist_id, el_id, codelist_name, codelist_domain, inspire) VALUES (2517, 1460, 'application', '-17', 0);
INSERT INTO codelist (codelist_id, el_id, codelist_name, codelist_domain, inspire) VALUES (63338, 390, 'Croatian', 'hrv', 0);
INSERT INTO codelist (codelist_id, el_id, codelist_name, codelist_domain, inspire) VALUES (63336, 390, 'Serbian', 'srp', 0);

-- Table CODELIST_MY
INSERT INTO codelist_my (codelist_id, is_vis) VALUES (1031, 1);
INSERT INTO codelist_my (codelist_id, is_vis) VALUES (100082, 1);
INSERT INTO codelist_my (codelist_id, is_vis) VALUES (100083, 1);
INSERT INTO codelist_my (codelist_id, is_vis) VALUES (100084, 1);
INSERT INTO codelist_my (codelist_id, is_vis) VALUES (3570, 1);
INSERT INTO codelist_my (codelist_id, is_vis) VALUES (3571, 1);
INSERT INTO codelist_my (codelist_id, is_vis) VALUES (100088, 1);
INSERT INTO codelist_my (codelist_id, is_vis) VALUES (100089, 1);
INSERT INTO codelist_my (codelist_id, is_vis) VALUES (100090, 1);
INSERT INTO codelist_my (codelist_id, is_vis) VALUES (100092, 1);
INSERT INTO codelist_my (codelist_id, is_vis) VALUES (3572, 1);
INSERT INTO codelist_my (codelist_id, is_vis) VALUES (3573, 1);
INSERT INTO codelist_my (codelist_id, is_vis) VALUES (3574, 1);
INSERT INTO codelist_my (codelist_id, is_vis) VALUES (3575, 1);
INSERT INTO codelist_my (codelist_id, is_vis) VALUES (3576, 1);
INSERT INTO codelist_my (codelist_id, is_vis) VALUES (3577, 1);
INSERT INTO codelist_my (codelist_id, is_vis) VALUES (50131, 1);
INSERT INTO codelist_my (codelist_id, is_vis) VALUES (50132, 1);
INSERT INTO codelist_my (codelist_id, is_vis) VALUES (50133, 1);
INSERT INTO codelist_my (codelist_id, is_vis) VALUES (50134, 1);
INSERT INTO codelist_my (codelist_id, is_vis) VALUES (50211, 1);
INSERT INTO codelist_my (codelist_id, is_vis) VALUES (50212, 1);
INSERT INTO codelist_my (codelist_id, is_vis) VALUES (50213, 1);
INSERT INTO codelist_my (codelist_id, is_vis) VALUES (50214, 1);
INSERT INTO codelist_my (codelist_id, is_vis) VALUES (50215, 1);
INSERT INTO codelist_my (codelist_id, is_vis) VALUES (50216, 1);
INSERT INTO codelist_my (codelist_id, is_vis) VALUES (50217, 1);
INSERT INTO codelist_my (codelist_id, is_vis) VALUES (63111, 1);
INSERT INTO codelist_my (codelist_id, is_vis) VALUES (63091, 1);
INSERT INTO codelist_my (codelist_id, is_vis) VALUES (63134, 1);
INSERT INTO codelist_my (codelist_id, is_vis) VALUES (63123, 1);
INSERT INTO codelist_my (codelist_id, is_vis) VALUES (1030, 1);
INSERT INTO codelist_my (codelist_id, is_vis) VALUES (63180, 1);
INSERT INTO codelist_my (codelist_id, is_vis) VALUES (100081, 1);
INSERT INTO codelist_my (codelist_id, is_vis) VALUES (811, 1);
INSERT INTO codelist_my (codelist_id, is_vis) VALUES (2718, 1);
INSERT INTO codelist_my (codelist_id, is_vis) VALUES (2719, 1);
INSERT INTO codelist_my (codelist_id, is_vis) VALUES (2801, 1);
INSERT INTO codelist_my (codelist_id, is_vis) VALUES (2802, 1);
INSERT INTO codelist_my (codelist_id, is_vis) VALUES (2803, 1);
INSERT INTO codelist_my (codelist_id, is_vis) VALUES (2804, 1);
INSERT INTO codelist_my (codelist_id, is_vis) VALUES (2805, 1);
INSERT INTO codelist_my (codelist_id, is_vis) VALUES (2806, 1);
INSERT INTO codelist_my (codelist_id, is_vis) VALUES (2807, 1);
INSERT INTO codelist_my (codelist_id, is_vis) VALUES (2808, 1);
INSERT INTO codelist_my (codelist_id, is_vis) VALUES (2809, 1);
INSERT INTO codelist_my (codelist_id, is_vis) VALUES (2406, 1);
INSERT INTO codelist_my (codelist_id, is_vis) VALUES (2407, 1);
INSERT INTO codelist_my (codelist_id, is_vis) VALUES (2408, 1);
INSERT INTO codelist_my (codelist_id, is_vis) VALUES (2505, 1);
INSERT INTO codelist_my (codelist_id, is_vis) VALUES (2506, 1);
INSERT INTO codelist_my (codelist_id, is_vis) VALUES (2507, 1);
INSERT INTO codelist_my (codelist_id, is_vis) VALUES (2514, 1);
INSERT INTO codelist_my (codelist_id, is_vis) VALUES (2601, 1);
INSERT INTO codelist_my (codelist_id, is_vis) VALUES (2602, 1);
INSERT INTO codelist_my (codelist_id, is_vis) VALUES (2603, 1);
INSERT INTO codelist_my (codelist_id, is_vis) VALUES (2604, 1);
INSERT INTO codelist_my (codelist_id, is_vis) VALUES (2605, 1);
INSERT INTO codelist_my (codelist_id, is_vis) VALUES (2606, 1);
INSERT INTO codelist_my (codelist_id, is_vis) VALUES (2701, 1);
INSERT INTO codelist_my (codelist_id, is_vis) VALUES (2702, 1);
INSERT INTO codelist_my (codelist_id, is_vis) VALUES (2703, 1);
INSERT INTO codelist_my (codelist_id, is_vis) VALUES (2704, 1);
INSERT INTO codelist_my (codelist_id, is_vis) VALUES (63059, 1);
INSERT INTO codelist_my (codelist_id, is_vis) VALUES (2705, 1);
INSERT INTO codelist_my (codelist_id, is_vis) VALUES (2706, 1);
INSERT INTO codelist_my (codelist_id, is_vis) VALUES (2707, 1);
INSERT INTO codelist_my (codelist_id, is_vis) VALUES (812, 1);
INSERT INTO codelist_my (codelist_id, is_vis) VALUES (813, 1);
INSERT INTO codelist_my (codelist_id, is_vis) VALUES (2708, 1);
INSERT INTO codelist_my (codelist_id, is_vis) VALUES (2709, 1);
INSERT INTO codelist_my (codelist_id, is_vis) VALUES (2710, 1);
INSERT INTO codelist_my (codelist_id, is_vis) VALUES (2711, 1);
INSERT INTO codelist_my (codelist_id, is_vis) VALUES (2712, 1);
INSERT INTO codelist_my (codelist_id, is_vis) VALUES (2713, 1);
INSERT INTO codelist_my (codelist_id, is_vis) VALUES (2714, 1);
INSERT INTO codelist_my (codelist_id, is_vis) VALUES (2715, 1);
INSERT INTO codelist_my (codelist_id, is_vis) VALUES (2716, 1);
INSERT INTO codelist_my (codelist_id, is_vis) VALUES (2717, 1);
INSERT INTO codelist_my (codelist_id, is_vis) VALUES (1701, 1);
INSERT INTO codelist_my (codelist_id, is_vis) VALUES (1702, 1);
INSERT INTO codelist_my (codelist_id, is_vis) VALUES (1703, 1);
INSERT INTO codelist_my (codelist_id, is_vis) VALUES (1704, 1);
INSERT INTO codelist_my (codelist_id, is_vis) VALUES (1705, 1);
INSERT INTO codelist_my (codelist_id, is_vis) VALUES (1801, 1);
INSERT INTO codelist_my (codelist_id, is_vis) VALUES (1802, 1);
INSERT INTO codelist_my (codelist_id, is_vis) VALUES (1803, 1);
INSERT INTO codelist_my (codelist_id, is_vis) VALUES (1804, 1);
INSERT INTO codelist_my (codelist_id, is_vis) VALUES (1805, 1);
INSERT INTO codelist_my (codelist_id, is_vis) VALUES (1806, 1);
INSERT INTO codelist_my (codelist_id, is_vis) VALUES (1807, 1);
INSERT INTO codelist_my (codelist_id, is_vis) VALUES (1808, 1);
INSERT INTO codelist_my (codelist_id, is_vis) VALUES (1809, 1);
INSERT INTO codelist_my (codelist_id, is_vis) VALUES (1810, 1);
INSERT INTO codelist_my (codelist_id, is_vis) VALUES (1811, 1);
INSERT INTO codelist_my (codelist_id, is_vis) VALUES (1812, 1);
INSERT INTO codelist_my (codelist_id, is_vis) VALUES (1901, 1);
INSERT INTO codelist_my (codelist_id, is_vis) VALUES (1902, 1);
INSERT INTO codelist_my (codelist_id, is_vis) VALUES (1903, 1);
INSERT INTO codelist_my (codelist_id, is_vis) VALUES (1904, 1);
INSERT INTO codelist_my (codelist_id, is_vis) VALUES (1906, 1);
INSERT INTO codelist_my (codelist_id, is_vis) VALUES (2001, 1);
INSERT INTO codelist_my (codelist_id, is_vis) VALUES (2002, 1);
INSERT INTO codelist_my (codelist_id, is_vis) VALUES (2003, 1);
INSERT INTO codelist_my (codelist_id, is_vis) VALUES (2004, 1);
INSERT INTO codelist_my (codelist_id, is_vis) VALUES (2005, 1);
INSERT INTO codelist_my (codelist_id, is_vis) VALUES (2006, 1);
INSERT INTO codelist_my (codelist_id, is_vis) VALUES (2007, 1);
INSERT INTO codelist_my (codelist_id, is_vis) VALUES (2008, 1);
INSERT INTO codelist_my (codelist_id, is_vis) VALUES (2009, 1);
INSERT INTO codelist_my (codelist_id, is_vis) VALUES (2010, 1);
INSERT INTO codelist_my (codelist_id, is_vis) VALUES (2011, 1);
INSERT INTO codelist_my (codelist_id, is_vis) VALUES (2012, 1);
INSERT INTO codelist_my (codelist_id, is_vis) VALUES (2013, 1);
INSERT INTO codelist_my (codelist_id, is_vis) VALUES (2014, 1);
INSERT INTO codelist_my (codelist_id, is_vis) VALUES (2015, 1);
INSERT INTO codelist_my (codelist_id, is_vis) VALUES (2016, 1);
INSERT INTO codelist_my (codelist_id, is_vis) VALUES (2017, 1);
INSERT INTO codelist_my (codelist_id, is_vis) VALUES (2018, 1);
INSERT INTO codelist_my (codelist_id, is_vis) VALUES (2101, 1);
INSERT INTO codelist_my (codelist_id, is_vis) VALUES (2102, 1);
INSERT INTO codelist_my (codelist_id, is_vis) VALUES (2103, 1);
INSERT INTO codelist_my (codelist_id, is_vis) VALUES (2201, 1);
INSERT INTO codelist_my (codelist_id, is_vis) VALUES (2202, 1);
INSERT INTO codelist_my (codelist_id, is_vis) VALUES (814, 1);
INSERT INTO codelist_my (codelist_id, is_vis) VALUES (2203, 1);
INSERT INTO codelist_my (codelist_id, is_vis) VALUES (2204, 1);
INSERT INTO codelist_my (codelist_id, is_vis) VALUES (2205, 1);
INSERT INTO codelist_my (codelist_id, is_vis) VALUES (2301, 1);
INSERT INTO codelist_my (codelist_id, is_vis) VALUES (2302, 1);
INSERT INTO codelist_my (codelist_id, is_vis) VALUES (2303, 1);
INSERT INTO codelist_my (codelist_id, is_vis) VALUES (2304, 1);
INSERT INTO codelist_my (codelist_id, is_vis) VALUES (2305, 1);
INSERT INTO codelist_my (codelist_id, is_vis) VALUES (2306, 1);
INSERT INTO codelist_my (codelist_id, is_vis) VALUES (2307, 1);
INSERT INTO codelist_my (codelist_id, is_vis) VALUES (2401, 1);
INSERT INTO codelist_my (codelist_id, is_vis) VALUES (2402, 1);
INSERT INTO codelist_my (codelist_id, is_vis) VALUES (2403, 1);
INSERT INTO codelist_my (codelist_id, is_vis) VALUES (2404, 1);
INSERT INTO codelist_my (codelist_id, is_vis) VALUES (2405, 1);
INSERT INTO codelist_my (codelist_id, is_vis) VALUES (1009, 1);
INSERT INTO codelist_my (codelist_id, is_vis) VALUES (1010, 1);
INSERT INTO codelist_my (codelist_id, is_vis) VALUES (1011, 1);
INSERT INTO codelist_my (codelist_id, is_vis) VALUES (1025, 1);
INSERT INTO codelist_my (codelist_id, is_vis) VALUES (1101, 1);
INSERT INTO codelist_my (codelist_id, is_vis) VALUES (1102, 1);
INSERT INTO codelist_my (codelist_id, is_vis) VALUES (1103, 1);
INSERT INTO codelist_my (codelist_id, is_vis) VALUES (1104, 1);
INSERT INTO codelist_my (codelist_id, is_vis) VALUES (1105, 1);
INSERT INTO codelist_my (codelist_id, is_vis) VALUES (1201, 1);
INSERT INTO codelist_my (codelist_id, is_vis) VALUES (1202, 1);
INSERT INTO codelist_my (codelist_id, is_vis) VALUES (1203, 1);
INSERT INTO codelist_my (codelist_id, is_vis) VALUES (1301, 1);
INSERT INTO codelist_my (codelist_id, is_vis) VALUES (1302, 1);
INSERT INTO codelist_my (codelist_id, is_vis) VALUES (1303, 1);
INSERT INTO codelist_my (codelist_id, is_vis) VALUES (1304, 1);
INSERT INTO codelist_my (codelist_id, is_vis) VALUES (1305, 1);
INSERT INTO codelist_my (codelist_id, is_vis) VALUES (1306, 1);
INSERT INTO codelist_my (codelist_id, is_vis) VALUES (1307, 1);
INSERT INTO codelist_my (codelist_id, is_vis) VALUES (510, 1);
INSERT INTO codelist_my (codelist_id, is_vis) VALUES (1308, 1);
INSERT INTO codelist_my (codelist_id, is_vis) VALUES (1309, 1);
INSERT INTO codelist_my (codelist_id, is_vis) VALUES (1310, 1);
INSERT INTO codelist_my (codelist_id, is_vis) VALUES (1312, 1);
INSERT INTO codelist_my (codelist_id, is_vis) VALUES (1313, 1);
INSERT INTO codelist_my (codelist_id, is_vis) VALUES (1314, 1);
INSERT INTO codelist_my (codelist_id, is_vis) VALUES (1315, 1);
INSERT INTO codelist_my (codelist_id, is_vis) VALUES (1401, 1);
INSERT INTO codelist_my (codelist_id, is_vis) VALUES (1402, 1);
INSERT INTO codelist_my (codelist_id, is_vis) VALUES (1403, 1);
INSERT INTO codelist_my (codelist_id, is_vis) VALUES (1404, 1);
INSERT INTO codelist_my (codelist_id, is_vis) VALUES (1405, 1);
INSERT INTO codelist_my (codelist_id, is_vis) VALUES (1406, 1);
INSERT INTO codelist_my (codelist_id, is_vis) VALUES (1407, 1);
INSERT INTO codelist_my (codelist_id, is_vis) VALUES (1408, 1);
INSERT INTO codelist_my (codelist_id, is_vis) VALUES (1501, 1);
INSERT INTO codelist_my (codelist_id, is_vis) VALUES (1502, 1);
INSERT INTO codelist_my (codelist_id, is_vis) VALUES (1503, 1);
INSERT INTO codelist_my (codelist_id, is_vis) VALUES (1504, 1);
INSERT INTO codelist_my (codelist_id, is_vis) VALUES (1505, 1);
INSERT INTO codelist_my (codelist_id, is_vis) VALUES (1506, 1);
INSERT INTO codelist_my (codelist_id, is_vis) VALUES (1601, 1);
INSERT INTO codelist_my (codelist_id, is_vis) VALUES (1602, 1);
INSERT INTO codelist_my (codelist_id, is_vis) VALUES (1603, 1);
INSERT INTO codelist_my (codelist_id, is_vis) VALUES (1604, 1);
INSERT INTO codelist_my (codelist_id, is_vis) VALUES (1605, 1);
INSERT INTO codelist_my (codelist_id, is_vis) VALUES (1606, 1);
INSERT INTO codelist_my (codelist_id, is_vis) VALUES (1607, 1);
INSERT INTO codelist_my (codelist_id, is_vis) VALUES (1608, 1);
INSERT INTO codelist_my (codelist_id, is_vis) VALUES (1609, 1);
INSERT INTO codelist_my (codelist_id, is_vis) VALUES (1610, 1);
INSERT INTO codelist_my (codelist_id, is_vis) VALUES (1611, 1);
INSERT INTO codelist_my (codelist_id, is_vis) VALUES (404, 1);
INSERT INTO codelist_my (codelist_id, is_vis) VALUES (405, 1);
INSERT INTO codelist_my (codelist_id, is_vis) VALUES (406, 1);
INSERT INTO codelist_my (codelist_id, is_vis) VALUES (407, 1);
INSERT INTO codelist_my (codelist_id, is_vis) VALUES (408, 1);
INSERT INTO codelist_my (codelist_id, is_vis) VALUES (409, 1);
INSERT INTO codelist_my (codelist_id, is_vis) VALUES (410, 1);
INSERT INTO codelist_my (codelist_id, is_vis) VALUES (411, 1);
INSERT INTO codelist_my (codelist_id, is_vis) VALUES (412, 1);
INSERT INTO codelist_my (codelist_id, is_vis) VALUES (413, 1);
INSERT INTO codelist_my (codelist_id, is_vis) VALUES (414, 1);
INSERT INTO codelist_my (codelist_id, is_vis) VALUES (501, 1);
INSERT INTO codelist_my (codelist_id, is_vis) VALUES (502, 1);
INSERT INTO codelist_my (codelist_id, is_vis) VALUES (503, 1);
INSERT INTO codelist_my (codelist_id, is_vis) VALUES (504, 1);
INSERT INTO codelist_my (codelist_id, is_vis) VALUES (505, 1);
INSERT INTO codelist_my (codelist_id, is_vis) VALUES (506, 1);
INSERT INTO codelist_my (codelist_id, is_vis) VALUES (507, 1);
INSERT INTO codelist_my (codelist_id, is_vis) VALUES (508, 1);
INSERT INTO codelist_my (codelist_id, is_vis) VALUES (509, 1);
INSERT INTO codelist_my (codelist_id, is_vis) VALUES (2517, 1);
INSERT INTO codelist_my (codelist_id, is_vis) VALUES (511, 1);
INSERT INTO codelist_my (codelist_id, is_vis) VALUES (601, 1);
INSERT INTO codelist_my (codelist_id, is_vis) VALUES (602, 1);
INSERT INTO codelist_my (codelist_id, is_vis) VALUES (603, 1);
INSERT INTO codelist_my (codelist_id, is_vis) VALUES (701, 1);
INSERT INTO codelist_my (codelist_id, is_vis) VALUES (702, 1);
INSERT INTO codelist_my (codelist_id, is_vis) VALUES (703, 1);
INSERT INTO codelist_my (codelist_id, is_vis) VALUES (704, 1);
INSERT INTO codelist_my (codelist_id, is_vis) VALUES (705, 1);
INSERT INTO codelist_my (codelist_id, is_vis) VALUES (801, 1);
INSERT INTO codelist_my (codelist_id, is_vis) VALUES (802, 1);
INSERT INTO codelist_my (codelist_id, is_vis) VALUES (803, 1);
INSERT INTO codelist_my (codelist_id, is_vis) VALUES (804, 1);
INSERT INTO codelist_my (codelist_id, is_vis) VALUES (805, 1);
INSERT INTO codelist_my (codelist_id, is_vis) VALUES (806, 1);
INSERT INTO codelist_my (codelist_id, is_vis) VALUES (807, 1);
INSERT INTO codelist_my (codelist_id, is_vis) VALUES (808, 1);
INSERT INTO codelist_my (codelist_id, is_vis) VALUES (809, 1);
INSERT INTO codelist_my (codelist_id, is_vis) VALUES (810, 1);
INSERT INTO codelist_my (codelist_id, is_vis) VALUES (815, 1);
INSERT INTO codelist_my (codelist_id, is_vis) VALUES (901, 1);
INSERT INTO codelist_my (codelist_id, is_vis) VALUES (902, 1);
INSERT INTO codelist_my (codelist_id, is_vis) VALUES (1004, 1);
INSERT INTO codelist_my (codelist_id, is_vis) VALUES (1311, 1);
INSERT INTO codelist_my (codelist_id, is_vis) VALUES (1905, 1);
INSERT INTO codelist_my (codelist_id, is_vis) VALUES (201, 1);
INSERT INTO codelist_my (codelist_id, is_vis) VALUES (202, 1);
INSERT INTO codelist_my (codelist_id, is_vis) VALUES (203, 1);
INSERT INTO codelist_my (codelist_id, is_vis) VALUES (301, 1);
INSERT INTO codelist_my (codelist_id, is_vis) VALUES (302, 1);
INSERT INTO codelist_my (codelist_id, is_vis) VALUES (303, 1);
INSERT INTO codelist_my (codelist_id, is_vis) VALUES (304, 1);
INSERT INTO codelist_my (codelist_id, is_vis) VALUES (305, 1);
INSERT INTO codelist_my (codelist_id, is_vis) VALUES (401, 1);
INSERT INTO codelist_my (codelist_id, is_vis) VALUES (402, 1);
INSERT INTO codelist_my (codelist_id, is_vis) VALUES (403, 1);
INSERT INTO codelist_my (codelist_id, is_vis) VALUES (1005, 1);
INSERT INTO codelist_my (codelist_id, is_vis) VALUES (1006, 1);
INSERT INTO codelist_my (codelist_id, is_vis) VALUES (1007, 1);
INSERT INTO codelist_my (codelist_id, is_vis) VALUES (1008, 1);
INSERT INTO codelist_my (codelist_id, is_vis) VALUES (10, 1);
INSERT INTO codelist_my (codelist_id, is_vis) VALUES (11, 1);
INSERT INTO codelist_my (codelist_id, is_vis) VALUES (63311, 1);
INSERT INTO codelist_my (codelist_id, is_vis) VALUES (100085, 1);
INSERT INTO codelist_my (codelist_id, is_vis) VALUES (100093, 1);
INSERT INTO codelist_my (codelist_id, is_vis) VALUES (100086, 1);
INSERT INTO codelist_my (codelist_id, is_vis) VALUES (30102, 1);
INSERT INTO codelist_my (codelist_id, is_vis) VALUES (30103, 1);
INSERT INTO codelist_my (codelist_id, is_vis) VALUES (30104, 1);
INSERT INTO codelist_my (codelist_id, is_vis) VALUES (30105, 1);
INSERT INTO codelist_my (codelist_id, is_vis) VALUES (30106, 1);
INSERT INTO codelist_my (codelist_id, is_vis) VALUES (30101, 1);
INSERT INTO codelist_my (codelist_id, is_vis) VALUES (30211, 1);
INSERT INTO codelist_my (codelist_id, is_vis) VALUES (30212, 1);
INSERT INTO codelist_my (codelist_id, is_vis) VALUES (30213, 1);
INSERT INTO codelist_my (codelist_id, is_vis) VALUES (63221, 1);
INSERT INTO codelist_my (codelist_id, is_vis) VALUES (100087, 1);
INSERT INTO codelist_my (codelist_id, is_vis) VALUES (100091, 1);
INSERT INTO codelist_my (codelist_id, is_vis) VALUES (63114, 1);
INSERT INTO codelist_my (codelist_id, is_vis) VALUES (63093, 1);
INSERT INTO codelist_my (codelist_id, is_vis) VALUES (63120, 1);
INSERT INTO codelist_my (codelist_id, is_vis) VALUES (63163, 1);
INSERT INTO codelist_my (codelist_id, is_vis) VALUES (63224, 1);
INSERT INTO codelist_my (codelist_id, is_vis) VALUES (63255, 1);
INSERT INTO codelist_my (codelist_id, is_vis) VALUES (63281, 1);
INSERT INTO codelist_my (codelist_id, is_vis) VALUES (63313, 1);
INSERT INTO codelist_my (codelist_id, is_vis) VALUES (63324, 1);
INSERT INTO codelist_my (codelist_id, is_vis) VALUES (63349, 1);
INSERT INTO codelist_my (codelist_id, is_vis) VALUES (63350, 1);
INSERT INTO codelist_my (codelist_id, is_vis) VALUES (63365, 1);
INSERT INTO codelist_my (codelist_id, is_vis) VALUES (63375, 1);
INSERT INTO codelist_my (codelist_id, is_vis) VALUES (30001, 1);
INSERT INTO codelist_my (codelist_id, is_vis) VALUES (30002, 1);
INSERT INTO codelist_my (codelist_id, is_vis) VALUES (30003, 1);
INSERT INTO codelist_my (codelist_id, is_vis) VALUES (30004, 1);
INSERT INTO codelist_my (codelist_id, is_vis) VALUES (30005, 1);
INSERT INTO codelist_my (codelist_id, is_vis) VALUES (30006, 1);
INSERT INTO codelist_my (codelist_id, is_vis) VALUES (2501, 0);
INSERT INTO codelist_my (codelist_id, is_vis) VALUES (2502, 0);
INSERT INTO codelist_my (codelist_id, is_vis) VALUES (2503, 0);
INSERT INTO codelist_my (codelist_id, is_vis) VALUES (2504, 0);
INSERT INTO codelist_my (codelist_id, is_vis) VALUES (2508, 0);
INSERT INTO codelist_my (codelist_id, is_vis) VALUES (2509, 0);
INSERT INTO codelist_my (codelist_id, is_vis) VALUES (2510, 0);
INSERT INTO codelist_my (codelist_id, is_vis) VALUES (2511, 0);
INSERT INTO codelist_my (codelist_id, is_vis) VALUES (2512, 0);
INSERT INTO codelist_my (codelist_id, is_vis) VALUES (2513, 0);
INSERT INTO codelist_my (codelist_id, is_vis) VALUES (2515, 0);
INSERT INTO codelist_my (codelist_id, is_vis) VALUES (2516, 0);

-- Table ELEMENTS
INSERT INTO elements (el_id, el_name, el_short_name, md_standard, form_code, from_codelist, only_value, form_ignore, form_pack, multi_lang, choice, is_atrib) VALUES (3601, 'title', 'resTitle', 0, 'T', NULL, 0, 0, 0, 0, NULL, 0);
INSERT INTO elements (el_id, el_name, el_short_name, md_standard, form_code, from_codelist, only_value, form_ignore, form_pack, multi_lang, choice, is_atrib) VALUES (120, 'spatialRepresentationInfo', 'spatRepInfo', 0, 'T', NULL, 0, 0, 1, 0, '1', 0);
INSERT INTO elements (el_id, el_name, el_short_name, md_standard, form_code, from_codelist, only_value, form_ignore, form_pack, multi_lang, choice, is_atrib) VALUES (1570, 'MD_GridSpatialRepresentation', 'GridSpatRep', 0, 'R', NULL, 0, 0, 0, 0, NULL, 0);
INSERT INTO elements (el_id, el_name, el_short_name, md_standard, form_code, from_codelist, only_value, form_ignore, form_pack, multi_lang, choice, is_atrib) VALUES (1760, 'MD_VectorSpatialRepresentation', 'VectSpatRep', 0, 'R', NULL, 0, 0, 0, 0, NULL, 0);
INSERT INTO elements (el_id, el_name, el_short_name, md_standard, form_code, from_codelist, only_value, form_ignore, form_pack, multi_lang, choice, is_atrib) VALUES (150, 'identificationInfo', 'dataIdInfo', 0, 'T', NULL, 0, 0, 1, 0, NULL, 0);
INSERT INTO elements (el_id, el_name, el_short_name, md_standard, form_code, from_codelist, only_value, form_ignore, form_pack, multi_lang, choice, is_atrib) VALUES (30020, 'href', '', 0, 'T', NULL, 0, 0, 0, 0, NULL, 1);
INSERT INTO elements (el_id, el_name, el_short_name, md_standard, form_code, from_codelist, only_value, form_ignore, form_pack, multi_lang, choice, is_atrib) VALUES (360, 'MD_DataIdentification', 'DataIdent', 0, 'T', NULL, 0, 1, 0, 0, NULL, 0);
INSERT INTO elements (el_id, el_name, el_short_name, md_standard, form_code, from_codelist, only_value, form_ignore, form_pack, multi_lang, choice, is_atrib) VALUES (160, 'contentInfo', 'contInfo', 0, 'T', NULL, 0, 0, 1, 0, NULL, 0);
INSERT INTO elements (el_id, el_name, el_short_name, md_standard, form_code, from_codelist, only_value, form_ignore, form_pack, multi_lang, choice, is_atrib) VALUES (2330, 'MD_FeatureCatalogueDescription', 'FetCatDesc', 0, 'R', NULL, 0, 0, 0, 0, NULL, 0);
INSERT INTO elements (el_id, el_name, el_short_name, md_standard, form_code, from_codelist, only_value, form_ignore, form_pack, multi_lang, choice, is_atrib) VALUES (2430, 'MD_ImageDescription', 'ImgDesc', 0, 'R', NULL, 0, 0, 0, 0, NULL, 0);
INSERT INTO elements (el_id, el_name, el_short_name, md_standard, form_code, from_codelist, only_value, form_ignore, form_pack, multi_lang, choice, is_atrib) VALUES (2390, 'MD_CoverageDescription', 'CovDesc', 0, 'R', NULL, 0, 0, 0, 0, NULL, 0);
INSERT INTO elements (el_id, el_name, el_short_name, md_standard, form_code, from_codelist, only_value, form_ignore, form_pack, multi_lang, choice, is_atrib) VALUES (350, 'resourceConstraints', 'resConst', 0, 'T', NULL, 0, 0, 1, 0, NULL, 0);
INSERT INTO elements (el_id, el_name, el_short_name, md_standard, form_code, from_codelist, only_value, form_ignore, form_pack, multi_lang, choice, is_atrib) VALUES (690, 'MD_LegalConstraints', 'LegConsts', 0, 'R', NULL, 0, 0, 0, 0, NULL, 0);
INSERT INTO elements (el_id, el_name, el_short_name, md_standard, form_code, from_codelist, only_value, form_ignore, form_pack, multi_lang, choice, is_atrib) VALUES (670, 'MD_Constraints', 'Consts', 0, 'R', NULL, 0, 0, 0, 0, NULL, 0);
INSERT INTO elements (el_id, el_name, el_short_name, md_standard, form_code, from_codelist, only_value, form_ignore, form_pack, multi_lang, choice, is_atrib) VALUES (730, 'MD_SecurityConstraints', 'SecConsts', 0, 'R', NULL, 0, 0, 0, 0, NULL, 0);
INSERT INTO elements (el_id, el_name, el_short_name, md_standard, form_code, from_codelist, only_value, form_ignore, form_pack, multi_lang, choice, is_atrib) VALUES (590, 'MD_Resolution', 'Resol', 0, 'T', NULL, 0, 1, 0, 0, '1', 0);
INSERT INTO elements (el_id, el_name, el_short_name, md_standard, form_code, from_codelist, only_value, form_ignore, form_pack, multi_lang, choice, is_atrib) VALUES (600, 'equivalentScale', 'equScale', 0, 'R', NULL, 0, 0, 0, 0, NULL, 0);
INSERT INTO elements (el_id, el_name, el_short_name, md_standard, form_code, from_codelist, only_value, form_ignore, form_pack, multi_lang, choice, is_atrib) VALUES (610, 'distance', 'scaleDist', 0, 'R', NULL, 0, 0, 0, 0, NULL, 0);
INSERT INTO elements (el_id, el_name, el_short_name, md_standard, form_code, from_codelist, only_value, form_ignore, form_pack, multi_lang, choice, is_atrib) VALUES (800, 'report', 'dqReport', 0, 'T', NULL, 0, 0, 1, 0, NULL, 0);
INSERT INTO elements (el_id, el_name, el_short_name, md_standard, form_code, from_codelist, only_value, form_ignore, form_pack, multi_lang, choice, is_atrib) VALUES (1170, 'DQ_AbsoluteExternalPositionalAccuracy', 'DQAbsExtPosAcc', 0, 'R', NULL, 0, 0, 0, 0, NULL, 0);
INSERT INTO elements (el_id, el_name, el_short_name, md_standard, form_code, from_codelist, only_value, form_ignore, form_pack, multi_lang, choice, is_atrib) VALUES (1210, 'DQ_AccuracyOfATimeMeasurement', 'DQAccTimeMeas', 0, 'R', NULL, 0, 0, 0, 0, NULL, 0);
INSERT INTO elements (el_id, el_name, el_short_name, md_standard, form_code, from_codelist, only_value, form_ignore, form_pack, multi_lang, choice, is_atrib) VALUES (1090, 'DQ_CompletenessCommission', 'DQCompComm', 0, 'R', NULL, 0, 0, 0, 0, NULL, 0);
INSERT INTO elements (el_id, el_name, el_short_name, md_standard, form_code, from_codelist, only_value, form_ignore, form_pack, multi_lang, choice, is_atrib) VALUES (1350, 'valueUnit', 'quanValUnit', 0, 'T', NULL, 0, 0, 0, 0, NULL, 0);
INSERT INTO elements (el_id, el_name, el_short_name, md_standard, form_code, from_codelist, only_value, form_ignore, form_pack, multi_lang, choice, is_atrib) VALUES (1100, 'DQ_CompletenessOmission', 'DQCompOm', 0, 'R', NULL, 0, 0, 0, 0, NULL, 0);
INSERT INTO elements (el_id, el_name, el_short_name, md_standard, form_code, from_codelist, only_value, form_ignore, form_pack, multi_lang, choice, is_atrib) VALUES (1120, 'DQ_ConceptualConsistency', 'DQConcConsis', 0, 'R', NULL, 0, 0, 0, 0, NULL, 0);
INSERT INTO elements (el_id, el_name, el_short_name, md_standard, form_code, from_codelist, only_value, form_ignore, form_pack, multi_lang, choice, is_atrib) VALUES (1130, 'DQ_DomainConsistency', 'DQDomConsis', 0, 'R', NULL, 0, 0, 0, 0, NULL, 0);
INSERT INTO elements (el_id, el_name, el_short_name, md_standard, form_code, from_codelist, only_value, form_ignore, form_pack, multi_lang, choice, is_atrib) VALUES (1140, 'DQ_FormatConsistency', 'DQFormConsis', 0, 'R', NULL, 0, 0, 0, 0, NULL, 0);
INSERT INTO elements (el_id, el_name, el_short_name, md_standard, form_code, from_codelist, only_value, form_ignore, form_pack, multi_lang, choice, is_atrib) VALUES (1180, 'DQ_GriddedDataPositionalAccuracy', 'DQGridDataPosAcc', 0, 'R', NULL, 0, 0, 0, 0, NULL, 0);
INSERT INTO elements (el_id, el_name, el_short_name, md_standard, form_code, from_codelist, only_value, form_ignore, form_pack, multi_lang, choice, is_atrib) VALUES (1260, 'DQ_NonQuantitativeAttributeAccuracy', 'DQNonQuanAttAcc', 0, 'R', NULL, 0, 0, 0, 0, NULL, 0);
INSERT INTO elements (el_id, el_name, el_short_name, md_standard, form_code, from_codelist, only_value, form_ignore, form_pack, multi_lang, choice, is_atrib) VALUES (1270, 'DQ_QuantitativeAttributeAccuracy', 'DQQuanAttAcc', 0, 'R', NULL, 0, 0, 0, 0, NULL, 0);
INSERT INTO elements (el_id, el_name, el_short_name, md_standard, form_code, from_codelist, only_value, form_ignore, form_pack, multi_lang, choice, is_atrib) VALUES (1190, 'DQ_RelativeInternalPositionalAccuracy', 'DQRelIntPosAcc', 0, 'R', NULL, 0, 0, 0, 0, NULL, 0);
INSERT INTO elements (el_id, el_name, el_short_name, md_standard, form_code, from_codelist, only_value, form_ignore, form_pack, multi_lang, choice, is_atrib) VALUES (1220, 'DQ_TemporalConsistency', 'DQTempConsis', 0, 'R', NULL, 0, 0, 0, 0, NULL, 0);
INSERT INTO elements (el_id, el_name, el_short_name, md_standard, form_code, from_codelist, only_value, form_ignore, form_pack, multi_lang, choice, is_atrib) VALUES (1230, 'DQ_TemporalValidity', 'DQTempValid', 0, 'R', NULL, 0, 0, 0, 0, NULL, 0);
INSERT INTO elements (el_id, el_name, el_short_name, md_standard, form_code, from_codelist, only_value, form_ignore, form_pack, multi_lang, choice, is_atrib) VALUES (1250, 'DQ_ThematicClassificationCorrectness', 'DQThemClassCor', 0, 'R', NULL, 0, 0, 0, 0, NULL, 0);
INSERT INTO elements (el_id, el_name, el_short_name, md_standard, form_code, from_codelist, only_value, form_ignore, form_pack, multi_lang, choice, is_atrib) VALUES (1150, 'DQ_TopologicalConsistency', 'DQTopConsis', 0, 'R', NULL, 0, 0, 0, 0, NULL, 0);
INSERT INTO elements (el_id, el_name, el_short_name, md_standard, form_code, from_codelist, only_value, form_ignore, form_pack, multi_lang, choice, is_atrib) VALUES (1351, 'UomAngle', 'UomAngle', 0, 'R', NULL, 0, 0, 0, 0, NULL, 0);
INSERT INTO elements (el_id, el_name, el_short_name, md_standard, form_code, from_codelist, only_value, form_ignore, form_pack, multi_lang, choice, is_atrib) VALUES (1352, 'UomArea', 'UomArea', 0, 'R', NULL, 0, 0, 0, 0, NULL, 0);
INSERT INTO elements (el_id, el_name, el_short_name, md_standard, form_code, from_codelist, only_value, form_ignore, form_pack, multi_lang, choice, is_atrib) VALUES (5101, 'TimeInstant', 'gml:TimeInstant', 0, 'R', NULL, 0, 0, 0, 0, NULL, 0);
INSERT INTO elements (el_id, el_name, el_short_name, md_standard, form_code, from_codelist, only_value, form_ignore, form_pack, multi_lang, choice, is_atrib) VALUES (5002, 'beginRange', 'beginRange', 0, 'R', NULL, 0, 0, 0, 0, NULL, 0);
INSERT INTO elements (el_id, el_name, el_short_name, md_standard, form_code, from_codelist, only_value, form_ignore, form_pack, multi_lang, choice, is_atrib) VALUES (5003, 'endRange', 'endRange', 0, 'R', NULL, 0, 0, 0, 0, NULL, 0);
INSERT INTO elements (el_id, el_name, el_short_name, md_standard, form_code, from_codelist, only_value, form_ignore, form_pack, multi_lang, choice, is_atrib) VALUES (10001, 'title', '', 1, 'T', NULL, 0, 0, 0, 1, NULL, 0);
INSERT INTO elements (el_id, el_name, el_short_name, md_standard, form_code, from_codelist, only_value, form_ignore, form_pack, multi_lang, choice, is_atrib) VALUES (5010, 'value', 'value', 0, 'T', NULL, 0, 0, 0, 0, NULL, 0);
INSERT INTO elements (el_id, el_name, el_short_name, md_standard, form_code, from_codelist, only_value, form_ignore, form_pack, multi_lang, choice, is_atrib) VALUES (100, 'metadataStandardName', 'mdStanName', 0, 'T', NULL, 0, 1, 0, 0, NULL, 0);
INSERT INTO elements (el_id, el_name, el_short_name, md_standard, form_code, from_codelist, only_value, form_ignore, form_pack, multi_lang, choice, is_atrib) VALUES (110, 'metadataStandardVersion', 'mdStanVer', 0, 'T', NULL, 0, 1, 0, 0, NULL, 0);
INSERT INTO elements (el_id, el_name, el_short_name, md_standard, form_code, from_codelist, only_value, form_ignore, form_pack, multi_lang, choice, is_atrib) VALUES (30100, 'SV_OperationMetadata', '', 0, 'T', NULL, 0, 1, 0, 0, NULL, 0);
INSERT INTO elements (el_id, el_name, el_short_name, md_standard, form_code, from_codelist, only_value, form_ignore, form_pack, multi_lang, choice, is_atrib) VALUES (5001, 'beginEnd', 'beginEnd', 0, 'T', NULL, 0, 0, 0, 0, NULL, 0);
INSERT INTO elements (el_id, el_name, el_short_name, md_standard, form_code, from_codelist, only_value, form_ignore, form_pack, multi_lang, choice, is_atrib) VALUES (3500, 'EX_TemporalExtent', 'TempExtent', 0, 'T', NULL, 0, 1, 0, 0, NULL, 0);
INSERT INTO elements (el_id, el_name, el_short_name, md_standard, form_code, from_codelist, only_value, form_ignore, form_pack, multi_lang, choice, is_atrib) VALUES (1830, 'MD_GeometricObjects', 'GeometObjs', 0, 'T', NULL, 0, 1, 0, 0, NULL, 0);
INSERT INTO elements (el_id, el_name, el_short_name, md_standard, form_code, from_codelist, only_value, form_ignore, form_pack, multi_lang, choice, is_atrib) VALUES (1432, 'MD_MaintenanceFrequencyCode_DomainCodes', 'MD_MaintenanceFrequencyCode_DomainCodes', 0, 'T', NULL, 0, 1, 0, 0, NULL, 0);
INSERT INTO elements (el_id, el_name, el_short_name, md_standard, form_code, from_codelist, only_value, form_ignore, form_pack, multi_lang, choice, is_atrib) VALUES (2790, 'MD_Distributor', 'Distributor', 0, 'T', NULL, 0, 1, 0, 0, NULL, 0);
INSERT INTO elements (el_id, el_name, el_short_name, md_standard, form_code, from_codelist, only_value, form_ignore, form_pack, multi_lang, choice, is_atrib) VALUES (2980, 'MD_StandardOrderProcess', 'StanOrdProc', 0, 'T', NULL, 0, 1, 0, 0, NULL, 0);
INSERT INTO elements (el_id, el_name, el_short_name, md_standard, form_code, from_codelist, only_value, form_ignore, form_pack, multi_lang, choice, is_atrib) VALUES (820, 'LI_Lineage', 'Lineage', 0, 'T', NULL, 0, 1, 0, 0, NULL, 0);
INSERT INTO elements (el_id, el_name, el_short_name, md_standard, form_code, from_codelist, only_value, form_ignore, form_pack, multi_lang, choice, is_atrib) VALUES (1425, 'MD_MaintenanceInformation', 'MD_MaintenanceInformation', 0, 'T', NULL, 0, 1, 0, 0, NULL, 0);
INSERT INTO elements (el_id, el_name, el_short_name, md_standard, form_code, from_codelist, only_value, form_ignore, form_pack, multi_lang, choice, is_atrib) VALUES (3250, 'graphicsFile', 'asGraFile', 0, 'T', NULL, 0, 0, 0, 0, NULL, 0);
INSERT INTO elements (el_id, el_name, el_short_name, md_standard, form_code, from_codelist, only_value, form_ignore, form_pack, multi_lang, choice, is_atrib) VALUES (2680, 'MD_PortrayalCatalogueReference', 'PortCatRef', 0, 'T', NULL, 0, 1, 0, 0, NULL, 0);
INSERT INTO elements (el_id, el_name, el_short_name, md_standard, form_code, from_codelist, only_value, form_ignore, form_pack, multi_lang, choice, is_atrib) VALUES (780, 'DQ_DataQuality', 'DataQual', 0, 'T', NULL, 0, 1, 0, 0, NULL, 0);
INSERT INTO elements (el_id, el_name, el_short_name, md_standard, form_code, from_codelist, only_value, form_ignore, form_pack, multi_lang, choice, is_atrib) VALUES (33, 'LanguageCode', 'LanguageCode', 0, 'C', -390, 1, 0, 0, 0, NULL, 0);
INSERT INTO elements (el_id, el_name, el_short_name, md_standard, form_code, from_codelist, only_value, form_ignore, form_pack, multi_lang, choice, is_atrib) VALUES (30, 'language', 'mdLang', 0, 'T', NULL, 0, 0, 0, 0, NULL, 0);
INSERT INTO elements (el_id, el_name, el_short_name, md_standard, form_code, from_codelist, only_value, form_ignore, form_pack, multi_lang, choice, is_atrib) VALUES (30021, 'type', '', 0, 'T', NULL, 0, 0, 0, 0, NULL, 1);
INSERT INTO elements (el_id, el_name, el_short_name, md_standard, form_code, from_codelist, only_value, form_ignore, form_pack, multi_lang, choice, is_atrib) VALUES (1430, 'maintenanceAndUpdateFrequency', 'maintFreq', 0, 'T', NULL, 0, 0, 0, 0, NULL, 0);
INSERT INTO elements (el_id, el_name, el_short_name, md_standard, form_code, from_codelist, only_value, form_ignore, form_pack, multi_lang, choice, is_atrib) VALUES (2410, 'contentType', 'contentTyp', 0, 'T', NULL, 0, 0, 0, 0, NULL, 0);
INSERT INTO elements (el_id, el_name, el_short_name, md_standard, form_code, from_codelist, only_value, form_ignore, form_pack, multi_lang, choice, is_atrib) VALUES (2412, 'MD_CoverageContentTypeCode_DomainCodes', 'MD_CoverageContentTypeCode_DomainCodes', 0, 'T', NULL, 0, 1, 0, 0, NULL, 0);
INSERT INTO elements (el_id, el_name, el_short_name, md_standard, form_code, from_codelist, only_value, form_ignore, form_pack, multi_lang, choice, is_atrib) VALUES (1770, 'topologyLevel', 'topLvl', 0, 'T', NULL, 0, 0, 0, 0, NULL, 0);
INSERT INTO elements (el_id, el_name, el_short_name, md_standard, form_code, from_codelist, only_value, form_ignore, form_pack, multi_lang, choice, is_atrib) VALUES (5005, 'begin', 'begin', 0, 'D', NULL, 0, 0, 0, 0, NULL, 0);
INSERT INTO elements (el_id, el_name, el_short_name, md_standard, form_code, from_codelist, only_value, form_ignore, form_pack, multi_lang, choice, is_atrib) VALUES (5006, 'end', 'end', 0, 'D', NULL, 0, 0, 0, 0, NULL, 0);
INSERT INTO elements (el_id, el_name, el_short_name, md_standard, form_code, from_codelist, only_value, form_ignore, form_pack, multi_lang, choice, is_atrib) VALUES (840, 'processStep', 'prcStep', 0, 'T', NULL, 0, 0, 1, 0, NULL, 0);
INSERT INTO elements (el_id, el_name, el_short_name, md_standard, form_code, from_codelist, only_value, form_ignore, form_pack, multi_lang, choice, is_atrib) VALUES (5052, 'attributes', 'attributes', 0, 'T', NULL, 0, 0, 0, 0, NULL, 0);
INSERT INTO elements (el_id, el_name, el_short_name, md_standard, form_code, from_codelist, only_value, form_ignore, form_pack, multi_lang, choice, is_atrib) VALUES (5053, 'recordType', 'recordType', 0, 'T', NULL, 0, 0, 0, 0, NULL, 0);
INSERT INTO elements (el_id, el_name, el_short_name, md_standard, form_code, from_codelist, only_value, form_ignore, form_pack, multi_lang, choice, is_atrib) VALUES (5054, 'AttributeName', 'AttributeName', 0, 'T', NULL, 0, 0, 0, 0, NULL, 0);
INSERT INTO elements (el_id, el_name, el_short_name, md_standard, form_code, from_codelist, only_value, form_ignore, form_pack, multi_lang, choice, is_atrib) VALUES (5055, 'Any', 'Any', 0, 'T', NULL, 0, 0, 0, 0, NULL, 0);
INSERT INTO elements (el_id, el_name, el_short_name, md_standard, form_code, from_codelist, only_value, form_ignore, form_pack, multi_lang, choice, is_atrib) VALUES (5015, 'uomName', 'uomName', 0, 'T', NULL, 0, 0, 0, 0, NULL, 0);
INSERT INTO elements (el_id, el_name, el_short_name, md_standard, form_code, from_codelist, only_value, form_ignore, form_pack, multi_lang, choice, is_atrib) VALUES (5016, 'uomSymbol', 'uomSym', 0, 'T', NULL, 0, 0, 0, 0, NULL, 0);
INSERT INTO elements (el_id, el_name, el_short_name, md_standard, form_code, from_codelist, only_value, form_ignore, form_pack, multi_lang, choice, is_atrib) VALUES (5019, 'uomName', 'uomName', 0, 'T', NULL, 0, 0, 0, 0, NULL, 0);
INSERT INTO elements (el_id, el_name, el_short_name, md_standard, form_code, from_codelist, only_value, form_ignore, form_pack, multi_lang, choice, is_atrib) VALUES (5020, 'uomSymbol', 'uomSym', 0, 'T', NULL, 0, 0, 0, 0, NULL, 0);
INSERT INTO elements (el_id, el_name, el_short_name, md_standard, form_code, from_codelist, only_value, form_ignore, form_pack, multi_lang, choice, is_atrib) VALUES (5023, 'uomName', 'uomName', 0, 'T', NULL, 0, 0, 0, 0, NULL, 0);
INSERT INTO elements (el_id, el_name, el_short_name, md_standard, form_code, from_codelist, only_value, form_ignore, form_pack, multi_lang, choice, is_atrib) VALUES (5024, 'uomSymbol', 'uomSym', 0, 'T', NULL, 0, 0, 0, 0, NULL, 0);
INSERT INTO elements (el_id, el_name, el_short_name, md_standard, form_code, from_codelist, only_value, form_ignore, form_pack, multi_lang, choice, is_atrib) VALUES (5025, 'uomName', 'uomName', 0, 'T', NULL, 0, 0, 0, 0, NULL, 0);
INSERT INTO elements (el_id, el_name, el_short_name, md_standard, form_code, from_codelist, only_value, form_ignore, form_pack, multi_lang, choice, is_atrib) VALUES (5026, 'uomSymbol', 'uomSym', 0, 'T', NULL, 0, 0, 0, 0, NULL, 0);
INSERT INTO elements (el_id, el_name, el_short_name, md_standard, form_code, from_codelist, only_value, form_ignore, form_pack, multi_lang, choice, is_atrib) VALUES (5013, 'uomName', 'uomName', 0, 'C', 5013, 1, 0, 0, 0, NULL, 0);
INSERT INTO elements (el_id, el_name, el_short_name, md_standard, form_code, from_codelist, only_value, form_ignore, form_pack, multi_lang, choice, is_atrib) VALUES (5017, 'uomName', 'uomName', 0, 'C', 3570, 1, 0, 0, 0, NULL, 0);
INSERT INTO elements (el_id, el_name, el_short_name, md_standard, form_code, from_codelist, only_value, form_ignore, form_pack, multi_lang, choice, is_atrib) VALUES (5018, 'uomSymbol', 'uomSym', 0, 'T', NULL, 0, 1, 0, 0, NULL, 0);
INSERT INTO elements (el_id, el_name, el_short_name, md_standard, form_code, from_codelist, only_value, form_ignore, form_pack, multi_lang, choice, is_atrib) VALUES (5021, 'uomName', 'uomName', 0, 'C', 5021, 1, 0, 0, 0, NULL, 0);
INSERT INTO elements (el_id, el_name, el_short_name, md_standard, form_code, from_codelist, only_value, form_ignore, form_pack, multi_lang, choice, is_atrib) VALUES (5022, 'uomSymbol', 'uomSym', 0, 'T', NULL, 0, 1, 0, 0, NULL, 0);
INSERT INTO elements (el_id, el_name, el_short_name, md_standard, form_code, from_codelist, only_value, form_ignore, form_pack, multi_lang, choice, is_atrib) VALUES (3112, 'MD_ObligationCode_DomainCodes', 'MD_ObligationCode_DomainCodes', 0, 'T', NULL, 0, 1, 0, 0, NULL, 0);
INSERT INTO elements (el_id, el_name, el_short_name, md_standard, form_code, from_codelist, only_value, form_ignore, form_pack, multi_lang, choice, is_atrib) VALUES (3132, 'MD_DatatypeCode_DomainCodes', 'MD_DatatypeCode_DomainCodes', 0, 'T', NULL, 0, 1, 0, 0, NULL, 0);
INSERT INTO elements (el_id, el_name, el_short_name, md_standard, form_code, from_codelist, only_value, form_ignore, form_pack, multi_lang, choice, is_atrib) VALUES (42, 'MD_CharacterSetCode_DomainCodes', 'MD_CharacterSetCode_DomainCodes', 0, 'T', NULL, 0, 1, 0, 0, NULL, 0);
INSERT INTO elements (el_id, el_name, el_short_name, md_standard, form_code, from_codelist, only_value, form_ignore, form_pack, multi_lang, choice, is_atrib) VALUES (10003, 'subject', '', 1, 'T', NULL, 0, 0, 0, 1, NULL, 0);
INSERT INTO elements (el_id, el_name, el_short_name, md_standard, form_code, from_codelist, only_value, form_ignore, form_pack, multi_lang, choice, is_atrib) VALUES (5007, 'duration', 'duration', 0, 'N', NULL, 0, 0, 0, 0, NULL, 0);
INSERT INTO elements (el_id, el_name, el_short_name, md_standard, form_code, from_codelist, only_value, form_ignore, form_pack, multi_lang, choice, is_atrib) VALUES (1460, 'updateScope', 'maintScp', 0, 'T', NULL, 0, 0, 0, 0, NULL, 0);
INSERT INTO elements (el_id, el_name, el_short_name, md_standard, form_code, from_codelist, only_value, form_ignore, form_pack, multi_lang, choice, is_atrib) VALUES (1461, 'MD_ScopeCode_CodeList', 'MD_ScopeCode_CodeList', 0, 'C', 1460, 1, 0, 0, 0, NULL, 0);
INSERT INTO elements (el_id, el_name, el_short_name, md_standard, form_code, from_codelist, only_value, form_ignore, form_pack, multi_lang, choice, is_atrib) VALUES (1462, 'MD_ScopeCode_DomainCodes', 'MD_ScopeCode_DomainCodes', 0, 'T', NULL, 0, 1, 0, 0, NULL, 0);
INSERT INTO elements (el_id, el_name, el_short_name, md_standard, form_code, from_codelist, only_value, form_ignore, form_pack, multi_lang, choice, is_atrib) VALUES (5004, 'instant', 'instant', 0, 'D', NULL, 0, 0, 0, 0, NULL, 0);
INSERT INTO elements (el_id, el_name, el_short_name, md_standard, form_code, from_codelist, only_value, form_ignore, form_pack, multi_lang, choice, is_atrib) VALUES (3600, 'title', 'resTitle', 0, 'T', NULL, 0, 0, 0, 1, NULL, 0);
INSERT INTO elements (el_id, el_name, el_short_name, md_standard, form_code, from_codelist, only_value, form_ignore, form_pack, multi_lang, choice, is_atrib) VALUES (20001, 'name', '', 2, 'T', NULL, 0, 0, 0, 1, NULL, 0);
INSERT INTO elements (el_id, el_name, el_short_name, md_standard, form_code, from_codelist, only_value, form_ignore, form_pack, multi_lang, choice, is_atrib) VALUES (20002, 'scope', '', 2, 'T', NULL, 0, 0, 0, 1, NULL, 0);
INSERT INTO elements (el_id, el_name, el_short_name, md_standard, form_code, from_codelist, only_value, form_ignore, form_pack, multi_lang, choice, is_atrib) VALUES (542, 'MD_KeywordTypeCode_DomainCodes', 'MD_KeywordTypeCode_DomainCodes', 0, 'T', NULL, 0, 1, 0, 0, NULL, 0);
INSERT INTO elements (el_id, el_name, el_short_name, md_standard, form_code, from_codelist, only_value, form_ignore, form_pack, multi_lang, choice, is_atrib) VALUES (3940, 'date', 'refDate', 0, 'D', NULL, 0, 0, 0, 0, NULL, 0);
INSERT INTO elements (el_id, el_name, el_short_name, md_standard, form_code, from_codelist, only_value, form_ignore, form_pack, multi_lang, choice, is_atrib) VALUES (3550, 'minimumValue', 'vertMinVal', 0, 'N', NULL, 0, 0, 0, 0, NULL, 0);
INSERT INTO elements (el_id, el_name, el_short_name, md_standard, form_code, from_codelist, only_value, form_ignore, form_pack, multi_lang, choice, is_atrib) VALUES (3560, 'maximumValue', 'vertMaxVal', 0, 'N', NULL, 0, 0, 0, 0, NULL, 0);
INSERT INTO elements (el_id, el_name, el_short_name, md_standard, form_code, from_codelist, only_value, form_ignore, form_pack, multi_lang, choice, is_atrib) VALUES (570, 'denominator', 'rfDenom', 0, 'N', NULL, 0, 0, 0, 0, NULL, 0);
INSERT INTO elements (el_id, el_name, el_short_name, md_standard, form_code, from_codelist, only_value, form_ignore, form_pack, multi_lang, choice, is_atrib) VALUES (3670, 'citedResponsibleParty', 'citRespParty', 0, 'T', NULL, 0, 0, 1, 0, ' ', 0);
INSERT INTO elements (el_id, el_name, el_short_name, md_standard, form_code, from_codelist, only_value, form_ignore, form_pack, multi_lang, choice, is_atrib) VALUES (290, 'pointOfContact', 'idPoC', 0, 'T', NULL, 0, 0, 1, 0, NULL, 0);
INSERT INTO elements (el_id, el_name, el_short_name, md_standard, form_code, from_codelist, only_value, form_ignore, form_pack, multi_lang, choice, is_atrib) VALUES (1481, 'contact', 'maintCont', 0, 'T', NULL, 0, 0, 1, 0, NULL, 0);
INSERT INTO elements (el_id, el_name, el_short_name, md_standard, form_code, from_codelist, only_value, form_ignore, form_pack, multi_lang, choice, is_atrib) VALUES (3582, 'authority', 'authority', 0, 'T', NULL, 0, 0, 1, 0, NULL, 0);
INSERT INTO elements (el_id, el_name, el_short_name, md_standard, form_code, from_codelist, only_value, form_ignore, form_pack, multi_lang, choice, is_atrib) VALUES (900, 'processor', 'stepProc', 0, 'T', NULL, 0, 0, 1, 0, NULL, 0);
INSERT INTO elements (el_id, el_name, el_short_name, md_standard, form_code, from_codelist, only_value, form_ignore, form_pack, multi_lang, choice, is_atrib) VALUES (2060, 'authority', 'identAuth', 0, 'T', NULL, 0, 0, 1, 0, NULL, 0);
INSERT INTO elements (el_id, el_name, el_short_name, md_standard, form_code, from_codelist, only_value, form_ignore, form_pack, multi_lang, choice, is_atrib) VALUES (5012, 'uom', 'uom', 0, 'T', NULL, 0, 0, 0, 0, NULL, 0);
INSERT INTO elements (el_id, el_name, el_short_name, md_standard, form_code, from_codelist, only_value, form_ignore, form_pack, multi_lang, choice, is_atrib) VALUES (5014, 'uomSymbol', 'uomSym', 0, 'T', NULL, 0, 1, 0, 0, NULL, 0);
INSERT INTO elements (el_id, el_name, el_short_name, md_standard, form_code, from_codelist, only_value, form_ignore, form_pack, multi_lang, choice, is_atrib) VALUES (20003, 'fieldOfApplication', '', 2, 'T', NULL, 0, 0, 0, 1, NULL, 0);
INSERT INTO elements (el_id, el_name, el_short_name, md_standard, form_code, from_codelist, only_value, form_ignore, form_pack, multi_lang, choice, is_atrib) VALUES (20012, 'definition', '', 2, 'T', NULL, 0, 0, 0, 1, NULL, 0);
INSERT INTO elements (el_id, el_name, el_short_name, md_standard, form_code, from_codelist, only_value, form_ignore, form_pack, multi_lang, choice, is_atrib) VALUES (2922, 'MD_MediumNameCode_DomainCodes', 'MD_MediumNameCode_DomainCodes', 0, 'T', NULL, 0, 1, 0, 0, NULL, 0);
INSERT INTO elements (el_id, el_name, el_short_name, md_standard, form_code, from_codelist, only_value, form_ignore, form_pack, multi_lang, choice, is_atrib) VALUES (30210, 'SV_CouplingType', '', 0, 'C', 30210, 1, 0, 0, 0, NULL, 0);
INSERT INTO elements (el_id, el_name, el_short_name, md_standard, form_code, from_codelist, only_value, form_ignore, form_pack, multi_lang, choice, is_atrib) VALUES (3792, 'CI_RoleCode_DomainCodes', 'CI_RoleCode_DomainCodes', 0, 'T', NULL, 0, 1, 0, 0, NULL, 0);
INSERT INTO elements (el_id, el_name, el_short_name, md_standard, form_code, from_codelist, only_value, form_ignore, form_pack, multi_lang, choice, is_atrib) VALUES (391, 'isoCode', 'isoCode', 0, 'C', -390, 1, 0, 0, 0, NULL, 0);
INSERT INTO elements (el_id, el_name, el_short_name, md_standard, form_code, from_codelist, only_value, form_ignore, form_pack, multi_lang, choice, is_atrib) VALUES (20032, 'definition', '', 2, 'T', NULL, 0, 0, 0, 1, NULL, 0);
INSERT INTO elements (el_id, el_name, el_short_name, md_standard, form_code, from_codelist, only_value, form_ignore, form_pack, multi_lang, choice, is_atrib) VALUES (2962, 'MD_MediumFormatCode_DomainCodes', 'MD_MediumFormatCode_DomainCodes', 0, 'T', NULL, 0, 1, 0, 0, NULL, 0);
INSERT INTO elements (el_id, el_name, el_short_name, md_standard, form_code, from_codelist, only_value, form_ignore, form_pack, multi_lang, choice, is_atrib) VALUES (2950, 'volumes', 'medVol', 0, 'N', NULL, 0, 0, 0, 0, NULL, 0);
INSERT INTO elements (el_id, el_name, el_short_name, md_standard, form_code, from_codelist, only_value, form_ignore, form_pack, multi_lang, choice, is_atrib) VALUES (3000, 'plannedAvailableDateTime', 'planAvDtTm', 0, 'D', NULL, 0, 0, 0, 0, NULL, 0);
INSERT INTO elements (el_id, el_name, el_short_name, md_standard, form_code, from_codelist, only_value, form_ignore, form_pack, multi_lang, choice, is_atrib) VALUES (5050, 'otherValue', 'otherValue', 0, 'T', NULL, 0, 0, 0, 0, NULL, 0);
INSERT INTO elements (el_id, el_name, el_short_name, md_standard, form_code, from_codelist, only_value, form_ignore, form_pack, multi_lang, choice, is_atrib) VALUES (5051, 'recordValue', 'recordValue', 0, 'T', NULL, 0, 0, 0, 0, NULL, 0);
INSERT INTO elements (el_id, el_name, el_short_name, md_standard, form_code, from_codelist, only_value, form_ignore, form_pack, multi_lang, choice, is_atrib) VALUES (1440, 'dateOfNextUpdate', 'dateNext', 0, 'D', NULL, 0, 0, 0, 0, NULL, 0);
INSERT INTO elements (el_id, el_name, el_short_name, md_standard, form_code, from_codelist, only_value, form_ignore, form_pack, multi_lang, choice, is_atrib) VALUES (230, 'MD_Identification', 'Ident', 0, 'R', NULL, 0, 0, 0, 0, NULL, 0);
INSERT INTO elements (el_id, el_name, el_short_name, md_standard, form_code, from_codelist, only_value, form_ignore, form_pack, multi_lang, choice, is_atrib) VALUES (30000, 'MD_ServiceIdentification', 'SerIdent', 0, 'T', NULL, 0, 0, 0, 0, NULL, 0);
INSERT INTO elements (el_id, el_name, el_short_name, md_standard, form_code, from_codelist, only_value, form_ignore, form_pack, multi_lang, choice, is_atrib) VALUES (30001, 'serviceType', '', 0, 'T', NULL, 0, 0, 0, 0, NULL, 0);
INSERT INTO elements (el_id, el_name, el_short_name, md_standard, form_code, from_codelist, only_value, form_ignore, form_pack, multi_lang, choice, is_atrib) VALUES (20040, 'valueDefinition', '', 2, 'T', NULL, 0, 0, 0, 1, NULL, 0);
INSERT INTO elements (el_id, el_name, el_short_name, md_standard, form_code, from_codelist, only_value, form_ignore, form_pack, multi_lang, choice, is_atrib) VALUES (30012, 'nameNameSpace', '', 0, 'T', NULL, 0, 0, 0, 0, NULL, 0);
INSERT INTO elements (el_id, el_name, el_short_name, md_standard, form_code, from_codelist, only_value, form_ignore, form_pack, multi_lang, choice, is_atrib) VALUES (30002, 'serviceTypeVersion', '', 0, 'T', NULL, 0, 0, 0, 0, NULL, 0);
INSERT INTO elements (el_id, el_name, el_short_name, md_standard, form_code, from_codelist, only_value, form_ignore, form_pack, multi_lang, choice, is_atrib) VALUES (4060, 'page', 'artPage', 0, 'T', NULL, 0, 0, 0, 0, NULL, 0);
INSERT INTO elements (el_id, el_name, el_short_name, md_standard, form_code, from_codelist, only_value, form_ignore, form_pack, multi_lang, choice, is_atrib) VALUES (3730, 'ISSN', 'issn', 0, 'T', NULL, 0, 0, 0, 0, NULL, 0);
INSERT INTO elements (el_id, el_name, el_short_name, md_standard, form_code, from_codelist, only_value, form_ignore, form_pack, multi_lang, choice, is_atrib) VALUES (3150, 'domainValue', 'extEleDomVal', 0, 'T', NULL, 0, 0, 0, 0, NULL, 0);
INSERT INTO elements (el_id, el_name, el_short_name, md_standard, form_code, from_codelist, only_value, form_ignore, form_pack, multi_lang, choice, is_atrib) VALUES (40, 'characterSet', 'mdChar', 0, 'T', NULL, 0, 1, 0, 0, NULL, 0);
INSERT INTO elements (el_id, el_name, el_short_name, md_standard, form_code, from_codelist, only_value, form_ignore, form_pack, multi_lang, choice, is_atrib) VALUES (90, 'dateStamp', 'mdDateSt', 0, 'D', NULL, 0, 1, 0, 0, NULL, 0);
INSERT INTO elements (el_id, el_name, el_short_name, md_standard, form_code, from_codelist, only_value, form_ignore, form_pack, multi_lang, choice, is_atrib) VALUES (1771, 'MD_TopologyLevelCode', 'MD_TopologyLevelCode_CodeList', 0, 'C', 1770, 1, 0, 0, 0, NULL, 0);
INSERT INTO elements (el_id, el_name, el_short_name, md_standard, form_code, from_codelist, only_value, form_ignore, form_pack, multi_lang, choice, is_atrib) VALUES (1841, 'MD_GeometricObjectTypeCode', 'MD_GeometricObjectTypeCode_CodeList', 0, 'C', 1840, 1, 0, 0, 0, NULL, 0);
INSERT INTO elements (el_id, el_name, el_short_name, md_standard, form_code, from_codelist, only_value, form_ignore, form_pack, multi_lang, choice, is_atrib) VALUES (32, 'isoName', 'isoName', 0, 'T', NULL, 0, 1, 0, 0, NULL, 0);
INSERT INTO elements (el_id, el_name, el_short_name, md_standard, form_code, from_codelist, only_value, form_ignore, form_pack, multi_lang, choice, is_atrib) VALUES (3440, 'westBoundLongitude', 'westBL', 0, 'N', NULL, 0, 0, 0, 0, NULL, 0);
INSERT INTO elements (el_id, el_name, el_short_name, md_standard, form_code, from_codelist, only_value, form_ignore, form_pack, multi_lang, choice, is_atrib) VALUES (3450, 'eastBoundLongitude', 'eastBL', 0, 'N', NULL, 0, 0, 0, 0, NULL, 0);
INSERT INTO elements (el_id, el_name, el_short_name, md_standard, form_code, from_codelist, only_value, form_ignore, form_pack, multi_lang, choice, is_atrib) VALUES (3460, 'southBoundLatitude', 'southBL', 0, 'N', NULL, 0, 0, 0, 0, NULL, 0);
INSERT INTO elements (el_id, el_name, el_short_name, md_standard, form_code, from_codelist, only_value, form_ignore, form_pack, multi_lang, choice, is_atrib) VALUES (3470, 'northBoundLatitude', 'northBL', 0, 'N', NULL, 0, 0, 0, 0, NULL, 0);
INSERT INTO elements (el_id, el_name, el_short_name, md_standard, form_code, from_codelist, only_value, form_ignore, form_pack, multi_lang, choice, is_atrib) VALUES (3640, 'editionDate', 'resEdDate', 0, 'D', NULL, 0, 0, 0, 0, NULL, 0);
INSERT INTO elements (el_id, el_name, el_short_name, md_standard, form_code, from_codelist, only_value, form_ignore, form_pack, multi_lang, choice, is_atrib) VALUES (3970, 'linkage', 'linkage', 0, 'T', NULL, 0, 0, 0, 0, NULL, 0);
INSERT INTO elements (el_id, el_name, el_short_name, md_standard, form_code, from_codelist, only_value, form_ignore, form_pack, multi_lang, choice, is_atrib) VALUES (3860, 'electronicMailAddress', 'eMailAdd', 0, 'T', NULL, 0, 0, 0, 0, NULL, 0);
INSERT INTO elements (el_id, el_name, el_short_name, md_standard, form_code, from_codelist, only_value, form_ignore, form_pack, multi_lang, choice, is_atrib) VALUES (1801, 'MD_DimensionNameTypeCode', 'MD_DimensionNameTypeCode_CodeList', 0, 'C', 1800, 1, 0, 0, 0, NULL, 0);
INSERT INTO elements (el_id, el_name, el_short_name, md_standard, form_code, from_codelist, only_value, form_ignore, form_pack, multi_lang, choice, is_atrib) VALUES (30058, 'typeName', '', 0, 'T', NULL, 0, 0, 0, 0, NULL, 0);
INSERT INTO elements (el_id, el_name, el_short_name, md_standard, form_code, from_codelist, only_value, form_ignore, form_pack, multi_lang, choice, is_atrib) VALUES (30059, 'typeValue', '', 0, 'T', NULL, 0, 0, 0, 0, NULL, 0);
INSERT INTO elements (el_id, el_name, el_short_name, md_standard, form_code, from_codelist, only_value, form_ignore, form_pack, multi_lang, choice, is_atrib) VALUES (30057, 'typeProperty', '', 0, 'T', NULL, 0, 0, 0, 0, NULL, 0);
INSERT INTO elements (el_id, el_name, el_short_name, md_standard, form_code, from_codelist, only_value, form_ignore, form_pack, multi_lang, choice, is_atrib) VALUES (30055, 'statusCode', '', 0, 't', NULL, 0, 0, 0, 0, NULL, 1);
INSERT INTO elements (el_id, el_name, el_short_name, md_standard, form_code, from_codelist, only_value, form_ignore, form_pack, multi_lang, choice, is_atrib) VALUES (30056, 'resourceSpecificUsage', '', 0, 'T', NULL, 0, 0, 0, 0, NULL, 0);
INSERT INTO elements (el_id, el_name, el_short_name, md_standard, form_code, from_codelist, only_value, form_ignore, form_pack, multi_lang, choice, is_atrib) VALUES (30050, 'dataCoupling', '', 0, 'T', NULL, 0, 0, 0, 0, NULL, 1);
INSERT INTO elements (el_id, el_name, el_short_name, md_standard, form_code, from_codelist, only_value, form_ignore, form_pack, multi_lang, choice, is_atrib) VALUES (140, 'metadataExtensionInfo', 'mdExtInfo', 0, 'T', NULL, 0, 0, 1, 0, NULL, 0);
INSERT INTO elements (el_id, el_name, el_short_name, md_standard, form_code, from_codelist, only_value, form_ignore, form_pack, multi_lang, choice, is_atrib) VALUES (30004, 'restrictions', '', 0, 'T', NULL, 0, 0, 0, 0, NULL, 0);
INSERT INTO elements (el_id, el_name, el_short_name, md_standard, form_code, from_codelist, only_value, form_ignore, form_pack, multi_lang, choice, is_atrib) VALUES (31, 'isoCode', 'isoCode', 0, 'C', -390, 1, 0, 0, 0, NULL, 0);
INSERT INTO elements (el_id, el_name, el_short_name, md_standard, form_code, from_codelist, only_value, form_ignore, form_pack, multi_lang, choice, is_atrib) VALUES (2461, 'MD_ImagingConditionCode', 'MD_ImagingConditionCode_CodeList', 0, 'C', 2460, 1, 0, 0, 0, NULL, 0);
INSERT INTO elements (el_id, el_name, el_short_name, md_standard, form_code, from_codelist, only_value, form_ignore, form_pack, multi_lang, choice, is_atrib) VALUES (2921, 'MD_MediumNameCode', 'MD_MediumNameCode_CodeList', 0, 'C', 2920, 1, 0, 0, 0, NULL, 0);
INSERT INTO elements (el_id, el_name, el_short_name, md_standard, form_code, from_codelist, only_value, form_ignore, form_pack, multi_lang, choice, is_atrib) VALUES (2961, 'MD_MediumFormatCode', 'MD_MediumFormatCode_CodeList', 0, 'C', 2960, 1, 0, 0, 0, NULL, 0);
INSERT INTO elements (el_id, el_name, el_short_name, md_standard, form_code, from_codelist, only_value, form_ignore, form_pack, multi_lang, choice, is_atrib) VALUES (3111, 'MD_ObligationCode', 'MD_ObligationCode_CodeList', 0, 'C', 3110, 1, 0, 0, 0, NULL, 0);
INSERT INTO elements (el_id, el_name, el_short_name, md_standard, form_code, from_codelist, only_value, form_ignore, form_pack, multi_lang, choice, is_atrib) VALUES (3681, 'CI_PresentationFormCode', 'CI_PresentationFormCode_CodeList', 0, 'C', 3680, 1, 0, 0, 0, NULL, 0);
INSERT INTO elements (el_id, el_name, el_short_name, md_standard, form_code, from_codelist, only_value, form_ignore, form_pack, multi_lang, choice, is_atrib) VALUES (3791, 'CI_RoleCode', 'CI_RoleCode_CodeList', 0, 'C', 3790, 1, 0, 0, 0, NULL, 0);
INSERT INTO elements (el_id, el_name, el_short_name, md_standard, form_code, from_codelist, only_value, form_ignore, form_pack, multi_lang, choice, is_atrib) VALUES (3951, 'CI_DateTypeCode', 'CI_DateTypeCode_CodeList', 0, 'C', 3950, 1, 0, 0, 0, NULL, 0);
INSERT INTO elements (el_id, el_name, el_short_name, md_standard, form_code, from_codelist, only_value, form_ignore, form_pack, multi_lang, choice, is_atrib) VALUES (1431, 'MD_MaintenanceFrequencyCode', 'MD_MaintenanceFrequencyCode_CodeList', 0, 'C', 1430, 1, 0, 0, 0, NULL, 0);
INSERT INTO elements (el_id, el_name, el_short_name, md_standard, form_code, from_codelist, only_value, form_ignore, form_pack, multi_lang, choice, is_atrib) VALUES (2411, 'MD_CoverageContentTypeCode', 'MD_CoverageContentTypeCode_CodeList', 0, 'C', 2410, 1, 0, 0, 0, NULL, 0);
INSERT INTO elements (el_id, el_name, el_short_name, md_standard, form_code, from_codelist, only_value, form_ignore, form_pack, multi_lang, choice, is_atrib) VALUES (3131, 'MD_DatatypeCode', 'MD_DatatypeCode_CodeList', 0, 'C', 3130, 1, 0, 0, 0, NULL, 0);
INSERT INTO elements (el_id, el_name, el_short_name, md_standard, form_code, from_codelist, only_value, form_ignore, form_pack, multi_lang, choice, is_atrib) VALUES (4021, 'CI_OnLineFunctionCode', 'CI_OnLineFunctionCode_CodeList', 0, 'C', 4020, 1, 0, 0, 0, NULL, 0);
INSERT INTO elements (el_id, el_name, el_short_name, md_standard, form_code, from_codelist, only_value, form_ignore, form_pack, multi_lang, choice, is_atrib) VALUES (6001, 'uuidref', 'uuidref', 0, 'T', NULL, 0, 0, 0, 0, NULL, 1);
INSERT INTO elements (el_id, el_name, el_short_name, md_standard, form_code, from_codelist, only_value, form_ignore, form_pack, multi_lang, choice, is_atrib) VALUES (30102, 'DCP', '', 0, 'C', 30102, 0, 0, 0, 0, NULL, 0);
INSERT INTO elements (el_id, el_name, el_short_name, md_standard, form_code, from_codelist, only_value, form_ignore, form_pack, multi_lang, choice, is_atrib) VALUES (550, 'thesaurusName', 'thesaName', 0, 'T', NULL, 0, 0, 0, 0, NULL, 0);
INSERT INTO elements (el_id, el_name, el_short_name, md_standard, form_code, from_codelist, only_value, form_ignore, form_pack, multi_lang, choice, is_atrib) VALUES (1840, 'geometricObjectType', 'geoObjTyp', 0, 'T', NULL, 0, 0, 0, 0, NULL, 0);
INSERT INTO elements (el_id, el_name, el_short_name, md_standard, form_code, from_codelist, only_value, form_ignore, form_pack, multi_lang, choice, is_atrib) VALUES (3050, 'extendedElementInformation', 'extEleInfo', 0, 'T', NULL, 0, 0, 0, 0, NULL, 0);
INSERT INTO elements (el_id, el_name, el_short_name, md_standard, form_code, from_codelist, only_value, form_ignore, form_pack, multi_lang, choice, is_atrib) VALUES (2900, 'formatDistributor', 'formatDist', 0, 'T', NULL, 0, 0, 0, 0, NULL, 0);
INSERT INTO elements (el_id, el_name, el_short_name, md_standard, form_code, from_codelist, only_value, form_ignore, form_pack, multi_lang, choice, is_atrib) VALUES (980, 'sourceStep', 'srcStep', 0, 'T', NULL, 0, 0, 1, 0, NULL, 0);
INSERT INTO elements (el_id, el_name, el_short_name, md_standard, form_code, from_codelist, only_value, form_ignore, form_pack, multi_lang, choice, is_atrib) VALUES (910, 'source', 'stepSrc', 0, 'T', NULL, 0, 0, 1, 0, NULL, 0);
INSERT INTO elements (el_id, el_name, el_short_name, md_standard, form_code, from_codelist, only_value, form_ignore, form_pack, multi_lang, choice, is_atrib) VALUES (2300, 'obliqueLineAzimuthParameter', 'obLnAziPars', 0, 'T', NULL, 0, 0, 0, 0, NULL, 0);
INSERT INTO elements (el_id, el_name, el_short_name, md_standard, form_code, from_codelist, only_value, form_ignore, form_pack, multi_lang, choice, is_atrib) VALUES (2310, 'obliqueLinePointParameter', 'obLnPtPars', 0, 'T', NULL, 0, 0, 0, 0, NULL, 0);
INSERT INTO elements (el_id, el_name, el_short_name, md_standard, form_code, from_codelist, only_value, form_ignore, form_pack, multi_lang, choice, is_atrib) VALUES (1940, 'projectionParameters', 'projParas', 0, 'T', NULL, 0, 0, 0, 0, NULL, 0);
INSERT INTO elements (el_id, el_name, el_short_name, md_standard, form_code, from_codelist, only_value, form_ignore, form_pack, multi_lang, choice, is_atrib) VALUES (850, 'source', 'dataSource', 0, 'T', NULL, 0, 0, 1, 0, NULL, 0);
INSERT INTO elements (el_id, el_name, el_short_name, md_standard, form_code, from_codelist, only_value, form_ignore, form_pack, multi_lang, choice, is_atrib) VALUES (4022, 'CI_OnLineFunctionCode_DomainCodes', 'CI_OnLineFunctionCode_DomainCodes', 0, 'T', NULL, 0, 1, 0, 0, NULL, 0);
INSERT INTO elements (el_id, el_name, el_short_name, md_standard, form_code, from_codelist, only_value, form_ignore, form_pack, multi_lang, choice, is_atrib) VALUES (741, 'MD_ClassificationCode', 'MD_ClassificationCode_CodeList', 0, 'C', 740, 1, 0, 0, 0, NULL, 0);
INSERT INTO elements (el_id, el_name, el_short_name, md_standard, form_code, from_codelist, only_value, form_ignore, form_pack, multi_lang, choice, is_atrib) VALUES (3530, 'spatialExtent', 'exSpat', 0, 'T', NULL, 0, 0, 0, 0, NULL, 0);
INSERT INTO elements (el_id, el_name, el_short_name, md_standard, form_code, from_codelist, only_value, form_ignore, form_pack, multi_lang, choice, is_atrib) VALUES (1031, 'DQ_EvaluationMethodTypeCode', 'DQ_EvaluationMethodTypeCode_CodeList', 0, 'C', 1030, 1, 0, 0, 0, NULL, 0);
INSERT INTO elements (el_id, el_name, el_short_name, md_standard, form_code, from_codelist, only_value, form_ignore, form_pack, multi_lang, choice, is_atrib) VALUES (2730, 'transferOptions', 'distTranOps', 0, 'T', NULL, 0, 0, 0, 0, NULL, 0);
INSERT INTO elements (el_id, el_name, el_short_name, md_standard, form_code, from_codelist, only_value, form_ignore, form_pack, multi_lang, choice, is_atrib) VALUES (3580, 'verticalDatum', 'vertDatum', 0, 'T', NULL, 0, 0, 0, 0, NULL, 0);
INSERT INTO elements (el_id, el_name, el_short_name, md_standard, form_code, from_codelist, only_value, form_ignore, form_pack, multi_lang, choice, is_atrib) VALUES (450, 'extent', 'dataExt', 0, 'T', NULL, 0, 0, 1, 0, NULL, 0);
INSERT INTO elements (el_id, el_name, el_short_name, md_standard, form_code, from_codelist, only_value, form_ignore, form_pack, multi_lang, choice, is_atrib) VALUES (3420, 'polygon', 'polygon', 0, 'A', NULL, 0, 0, 0, 0, NULL, 0);
INSERT INTO elements (el_id, el_name, el_short_name, md_standard, form_code, from_codelist, only_value, form_ignore, form_pack, multi_lang, choice, is_atrib) VALUES (830, 'statement', 'statement', 0, 'A', NULL, 0, 0, 0, 1, NULL, 0);
INSERT INTO elements (el_id, el_name, el_short_name, md_standard, form_code, from_codelist, only_value, form_ignore, form_pack, multi_lang, choice, is_atrib) VALUES (870, 'description', 'stepDesc', 0, 'T', NULL, 0, 0, 0, 1, NULL, 0);
INSERT INTO elements (el_id, el_name, el_short_name, md_standard, form_code, from_codelist, only_value, form_ignore, form_pack, multi_lang, choice, is_atrib) VALUES (1480, 'maintenanceNote', 'maintNote', 0, 'T', NULL, 0, 0, 0, 1, NULL, 0);
INSERT INTO elements (el_id, el_name, el_short_name, md_standard, form_code, from_codelist, only_value, form_ignore, form_pack, multi_lang, choice, is_atrib) VALUES (500, 'fileDescription', 'bgFileDesc', 0, 'T', NULL, 0, 0, 0, 1, NULL, 0);
INSERT INTO elements (el_id, el_name, el_short_name, md_standard, form_code, from_codelist, only_value, form_ignore, form_pack, multi_lang, choice, is_atrib) VALUES (630, 'specificUsage', 'specUsage', 0, 'T', NULL, 0, 0, 0, 1, NULL, 0);
INSERT INTO elements (el_id, el_name, el_short_name, md_standard, form_code, from_codelist, only_value, form_ignore, form_pack, multi_lang, choice, is_atrib) VALUES (680, 'useLimitation', 'useLimit', 0, 'T', NULL, 0, 0, 0, 1, NULL, 0);
INSERT INTO elements (el_id, el_name, el_short_name, md_standard, form_code, from_codelist, only_value, form_ignore, form_pack, multi_lang, choice, is_atrib) VALUES (720, 'otherConstraints', 'othConsts', 0, 'T', NULL, 0, 0, 0, 1, NULL, 0);
INSERT INTO elements (el_id, el_name, el_short_name, md_standard, form_code, from_codelist, only_value, form_ignore, form_pack, multi_lang, choice, is_atrib) VALUES (460, 'supplementalInformation', 'suppInfo', 0, 'A', NULL, 0, 0, 0, 1, NULL, 0);
INSERT INTO elements (el_id, el_name, el_short_name, md_standard, form_code, from_codelist, only_value, form_ignore, form_pack, multi_lang, choice, is_atrib) VALUES (1850, 'geometricObjectCount', 'geoObjCnt', 0, 'N', NULL, 0, 0, 0, 0, NULL, 0);
INSERT INTO elements (el_id, el_name, el_short_name, md_standard, form_code, from_codelist, only_value, form_ignore, form_pack, multi_lang, choice, is_atrib) VALUES (1580, 'numberOfDimensions', 'numDims', 0, 'N', NULL, 0, 0, 0, 0, NULL, 0);
INSERT INTO elements (el_id, el_name, el_short_name, md_standard, form_code, from_codelist, only_value, form_ignore, form_pack, multi_lang, choice, is_atrib) VALUES (530, 'keyword', 'keyword', 0, 'T', NULL, 0, 0, 0, 1, NULL, 0);
INSERT INTO elements (el_id, el_name, el_short_name, md_standard, form_code, from_codelist, only_value, form_ignore, form_pack, multi_lang, choice, is_atrib) VALUES (3610, 'alternateTitle', 'resAltTitle', 0, 'T', NULL, 0, 0, 0, 1, NULL, 0);
INSERT INTO elements (el_id, el_name, el_short_name, md_standard, form_code, from_codelist, only_value, form_ignore, form_pack, multi_lang, choice, is_atrib) VALUES (3920, 'contactInstructions', 'cntInstr', 0, 'T', NULL, 0, 0, 0, 1, NULL, 0);
INSERT INTO elements (el_id, el_name, el_short_name, md_standard, form_code, from_codelist, only_value, form_ignore, form_pack, multi_lang, choice, is_atrib) VALUES (4010, 'description', 'orDesc', 0, 'T', NULL, 0, 0, 0, 1, NULL, 0);
INSERT INTO elements (el_id, el_name, el_short_name, md_standard, form_code, from_codelist, only_value, form_ignore, form_pack, multi_lang, choice, is_atrib) VALUES (10004, 'description', '', 1, 'A', NULL, 0, 0, 0, 1, NULL, 0);
INSERT INTO elements (el_id, el_name, el_short_name, md_standard, form_code, from_codelist, only_value, form_ignore, form_pack, multi_lang, choice, is_atrib) VALUES (3350, 'description', 'exDesc', 0, 'T', NULL, 0, 0, 0, 1, NULL, 0);
INSERT INTO elements (el_id, el_name, el_short_name, md_standard, form_code, from_codelist, only_value, form_ignore, form_pack, multi_lang, choice, is_atrib) VALUES (930, 'description', 'srcDesc', 0, 'T', NULL, 0, 0, 0, 1, NULL, 0);
INSERT INTO elements (el_id, el_name, el_short_name, md_standard, form_code, from_codelist, only_value, form_ignore, form_pack, multi_lang, choice, is_atrib) VALUES (650, 'userDeterminedLimitations', 'usrDetLim', 0, 'T', NULL, 0, 0, 0, 1, NULL, 0);
INSERT INTO elements (el_id, el_name, el_short_name, md_standard, form_code, from_codelist, only_value, form_ignore, form_pack, multi_lang, choice, is_atrib) VALUES (3770, 'positionName', 'rpPosName', 0, 'T', NULL, 0, 0, 0, 1, NULL, 0);
INSERT INTO elements (el_id, el_name, el_short_name, md_standard, form_code, from_codelist, only_value, form_ignore, form_pack, multi_lang, choice, is_atrib) VALUES (770, 'handlingDescription', 'handDesc', 0, 'T', NULL, 0, 0, 0, 1, NULL, 0);
INSERT INTO elements (el_id, el_name, el_short_name, md_standard, form_code, from_codelist, only_value, form_ignore, form_pack, multi_lang, choice, is_atrib) VALUES (880, 'rationale', 'stepRat', 0, 'T', NULL, 0, 0, 0, 1, NULL, 0);
INSERT INTO elements (el_id, el_name, el_short_name, md_standard, form_code, from_codelist, only_value, form_ignore, form_pack, multi_lang, choice, is_atrib) VALUES (3180, 'rationale', 'extEleRat', 0, 'T', NULL, 0, 0, 0, 1, NULL, 0);
INSERT INTO elements (el_id, el_name, el_short_name, md_standard, form_code, from_codelist, only_value, form_ignore, form_pack, multi_lang, choice, is_atrib) VALUES (1310, 'explanation', 'conExpl', 0, 'T', NULL, 0, 0, 0, 1, NULL, 0);
INSERT INTO elements (el_id, el_name, el_short_name, md_standard, form_code, from_codelist, only_value, form_ignore, form_pack, multi_lang, choice, is_atrib) VALUES (1020, 'measureDescription', 'measDesc', 0, 'T', NULL, 0, 0, 0, 1, NULL, 0);
INSERT INTO elements (el_id, el_name, el_short_name, md_standard, form_code, from_codelist, only_value, form_ignore, form_pack, multi_lang, choice, is_atrib) VALUES (1040, 'evaluationMethodDescription', 'evalMethDesc', 0, 'T', NULL, 0, 0, 0, 1, NULL, 0);
INSERT INTO elements (el_id, el_name, el_short_name, md_standard, form_code, from_codelist, only_value, form_ignore, form_pack, multi_lang, choice, is_atrib) VALUES (1810, 'dimensionSize', 'dimSize', 0, 'N', NULL, 0, 0, 0, 0, NULL, 0);
INSERT INTO elements (el_id, el_name, el_short_name, md_standard, form_code, from_codelist, only_value, form_ignore, form_pack, multi_lang, choice, is_atrib) VALUES (2400, 'attributeDescription', 'attDesc', 0, 'T', NULL, 0, 0, 0, 1, NULL, 0);
INSERT INTO elements (el_id, el_name, el_short_name, md_standard, form_code, from_codelist, only_value, form_ignore, form_pack, multi_lang, choice, is_atrib) VALUES (2500, 'compressionGenerationQuantity', 'cmpGenQuan', 0, 'T', NULL, 0, 0, 0, 1, NULL, 0);
INSERT INTO elements (el_id, el_name, el_short_name, md_standard, form_code, from_codelist, only_value, form_ignore, form_pack, multi_lang, choice, is_atrib) VALUES (2970, 'mediumNote', 'medNote', 0, 'T', NULL, 0, 0, 0, 1, NULL, 0);
INSERT INTO elements (el_id, el_name, el_short_name, md_standard, form_code, from_codelist, only_value, form_ignore, form_pack, multi_lang, choice, is_atrib) VALUES (3010, 'orderingInstructions', 'ordInstr', 0, 'T', NULL, 0, 0, 0, 1, NULL, 0);
INSERT INTO elements (el_id, el_name, el_short_name, md_standard, form_code, from_codelist, only_value, form_ignore, form_pack, multi_lang, choice, is_atrib) VALUES (3020, 'turnaround', 'ordTurn', 0, 'T', NULL, 0, 0, 0, 1, NULL, 0);
INSERT INTO elements (el_id, el_name, el_short_name, md_standard, form_code, from_codelist, only_value, form_ignore, form_pack, multi_lang, choice, is_atrib) VALUES (3100, 'definition', 'extEleDef', 0, 'T', NULL, 0, 0, 0, 1, NULL, 0);
INSERT INTO elements (el_id, el_name, el_short_name, md_standard, form_code, from_codelist, only_value, form_ignore, form_pack, multi_lang, choice, is_atrib) VALUES (260, 'purpose', 'idPurp', 0, 'A', NULL, 0, 0, 0, 1, NULL, 0);
INSERT INTO elements (el_id, el_name, el_short_name, md_standard, form_code, from_codelist, only_value, form_ignore, form_pack, multi_lang, choice, is_atrib) VALUES (270, 'credit', 'idCredit', 0, 'A', NULL, 0, 0, 0, 1, NULL, 0);
INSERT INTO elements (el_id, el_name, el_short_name, md_standard, form_code, from_codelist, only_value, form_ignore, form_pack, multi_lang, choice, is_atrib) VALUES (1320, 'pass', 'conPass', 0, 'C', 1, 0, 0, 0, 0, NULL, 0);
INSERT INTO elements (el_id, el_name, el_short_name, md_standard, form_code, from_codelist, only_value, form_ignore, form_pack, multi_lang, choice, is_atrib) VALUES (10011, 'source', '', 1, 'T', NULL, 0, 0, 0, 0, NULL, 0);
INSERT INTO elements (el_id, el_name, el_short_name, md_standard, form_code, from_codelist, only_value, form_ignore, form_pack, multi_lang, choice, is_atrib) VALUES (10013, 'relation', '', 1, 'T', NULL, 0, 0, 0, 0, NULL, 0);
INSERT INTO elements (el_id, el_name, el_short_name, md_standard, form_code, from_codelist, only_value, form_ignore, form_pack, multi_lang, choice, is_atrib) VALUES (10007, 'date', '', 1, 'D', NULL, 0, 0, 0, 0, NULL, 0);
INSERT INTO elements (el_id, el_name, el_short_name, md_standard, form_code, from_codelist, only_value, form_ignore, form_pack, multi_lang, choice, is_atrib) VALUES (10008, 'type', '', 1, 'C', 10008, 0, 0, 0, 0, NULL, 0);
INSERT INTO elements (el_id, el_name, el_short_name, md_standard, form_code, from_codelist, only_value, form_ignore, form_pack, multi_lang, choice, is_atrib) VALUES (10015, 'rights', '', 1, 'T', NULL, 0, 0, 0, 1, NULL, 0);
INSERT INTO elements (el_id, el_name, el_short_name, md_standard, form_code, from_codelist, only_value, form_ignore, form_pack, multi_lang, choice, is_atrib) VALUES (10002, 'creator', '', 1, 'T', NULL, 0, 0, 0, 0, NULL, 0);
INSERT INTO elements (el_id, el_name, el_short_name, md_standard, form_code, from_codelist, only_value, form_ignore, form_pack, multi_lang, choice, is_atrib) VALUES (30003, 'accessProperties', '', 0, 'T', NULL, 0, 0, 0, 0, NULL, 0);
INSERT INTO elements (el_id, el_name, el_short_name, md_standard, form_code, from_codelist, only_value, form_ignore, form_pack, multi_lang, choice, is_atrib) VALUES (10014, 'coverage', '', 1, 'T', NULL, 0, 0, 0, 0, NULL, 0);
INSERT INTO elements (el_id, el_name, el_short_name, md_standard, form_code, from_codelist, only_value, form_ignore, form_pack, multi_lang, choice, is_atrib) VALUES (20008, 'producer', '', 2, 'T', NULL, 0, 0, 1, 0, NULL, 0);
INSERT INTO elements (el_id, el_name, el_short_name, md_standard, form_code, from_codelist, only_value, form_ignore, form_pack, multi_lang, choice, is_atrib) VALUES (20019, 'listedValue', '', 2, 'T', NULL, 0, 0, 1, 0, NULL, 0);
INSERT INTO elements (el_id, el_name, el_short_name, md_standard, form_code, from_codelist, only_value, form_ignore, form_pack, multi_lang, choice, is_atrib) VALUES (20034, 'valueType', '', 2, 'T', NULL, 0, 0, 0, 0, NULL, 0);
INSERT INTO elements (el_id, el_name, el_short_name, md_standard, form_code, from_codelist, only_value, form_ignore, form_pack, multi_lang, choice, is_atrib) VALUES (30008, 'containsOperations', '', 0, 'T', NULL, 0, 0, 0, 0, NULL, 0);
INSERT INTO elements (el_id, el_name, el_short_name, md_standard, form_code, from_codelist, only_value, form_ignore, form_pack, multi_lang, choice, is_atrib) VALUES (30009, 'operatesOn', '', 0, 'T', NULL, 0, 0, 0, 0, NULL, 0);
INSERT INTO elements (el_id, el_name, el_short_name, md_standard, form_code, from_codelist, only_value, form_ignore, form_pack, multi_lang, choice, is_atrib) VALUES (20035, 'valueMeasureUnit', '', 2, 'T', NULL, 0, 0, 0, 0, NULL, 0);
INSERT INTO elements (el_id, el_name, el_short_name, md_standard, form_code, from_codelist, only_value, form_ignore, form_pack, multi_lang, choice, is_atrib) VALUES (20036, 'valueDomainType', '', 2, 'T', NULL, 0, 0, 0, 0, NULL, 0);
INSERT INTO elements (el_id, el_name, el_short_name, md_standard, form_code, from_codelist, only_value, form_ignore, form_pack, multi_lang, choice, is_atrib) VALUES (20037, 'valueDomain', '', 2, 'T', NULL, 0, 0, 0, 0, NULL, 0);
INSERT INTO elements (el_id, el_name, el_short_name, md_standard, form_code, from_codelist, only_value, form_ignore, form_pack, multi_lang, choice, is_atrib) VALUES (30200, 'couplingType', '', 0, 'T', NULL, 0, 0, 0, 0, NULL, 0);
INSERT INTO elements (el_id, el_name, el_short_name, md_standard, form_code, from_codelist, only_value, form_ignore, form_pack, multi_lang, choice, is_atrib) VALUES (20039, 'valueCode', '', 2, 'T', NULL, 0, 0, 0, 0, NULL, 0);
INSERT INTO elements (el_id, el_name, el_short_name, md_standard, form_code, from_codelist, only_value, form_ignore, form_pack, multi_lang, choice, is_atrib) VALUES (30101, 'operationName', '', 0, 'T', NULL, 0, 0, 0, 0, NULL, 0);
INSERT INTO elements (el_id, el_name, el_short_name, md_standard, form_code, from_codelist, only_value, form_ignore, form_pack, multi_lang, choice, is_atrib) VALUES (20030, 'featureAttribute', '', 2, 'T', NULL, 0, 0, 1, 0, NULL, 0);
INSERT INTO elements (el_id, el_name, el_short_name, md_standard, form_code, from_codelist, only_value, form_ignore, form_pack, multi_lang, choice, is_atrib) VALUES (20006, 'definitionSource', '', 2, 'T', NULL, 0, 0, 1, 0, NULL, 0);
INSERT INTO elements (el_id, el_name, el_short_name, md_standard, form_code, from_codelist, only_value, form_ignore, form_pack, multi_lang, choice, is_atrib) VALUES (3340, 'EX_Extent', 'Extent', 0, 'T', NULL, 0, 1, 0, 0, NULL, 0);
INSERT INTO elements (el_id, el_name, el_short_name, md_standard, form_code, from_codelist, only_value, form_ignore, form_pack, multi_lang, choice, is_atrib) VALUES (20004, 'versionNumber', '', 2, 'T', NULL, 0, 0, 0, 0, NULL, 0);
INSERT INTO elements (el_id, el_name, el_short_name, md_standard, form_code, from_codelist, only_value, form_ignore, form_pack, multi_lang, choice, is_atrib) VALUES (20005, 'versionDate', '', 2, 'D', NULL, 0, 0, 0, 0, NULL, 0);
INSERT INTO elements (el_id, el_name, el_short_name, md_standard, form_code, from_codelist, only_value, form_ignore, form_pack, multi_lang, choice, is_atrib) VALUES (20009, 'functionalLanguage', '', 2, 'T', NULL, 0, 0, 0, 0, NULL, 0);
INSERT INTO elements (el_id, el_name, el_short_name, md_standard, form_code, from_codelist, only_value, form_ignore, form_pack, multi_lang, choice, is_atrib) VALUES (20007, 'definitionType', '', 2, 'T', NULL, 0, 0, 0, 0, NULL, 0);
INSERT INTO elements (el_id, el_name, el_short_name, md_standard, form_code, from_codelist, only_value, form_ignore, form_pack, multi_lang, choice, is_atrib) VALUES (20010, 'featureType', '', 2, 'T', NULL, 0, 0, 0, 0, NULL, 0);
INSERT INTO elements (el_id, el_name, el_short_name, md_standard, form_code, from_codelist, only_value, form_ignore, form_pack, multi_lang, choice, is_atrib) VALUES (20011, 'typeName', '', 2, 'T', NULL, 0, 0, 0, 0, NULL, 0);
INSERT INTO elements (el_id, el_name, el_short_name, md_standard, form_code, from_codelist, only_value, form_ignore, form_pack, multi_lang, choice, is_atrib) VALUES (30103, 'operationDescription', '', 0, 'T', NULL, 0, 0, 0, 0, NULL, 0);
INSERT INTO elements (el_id, el_name, el_short_name, md_standard, form_code, from_codelist, only_value, form_ignore, form_pack, multi_lang, choice, is_atrib) VALUES (20013, 'code', '', 2, 'T', NULL, 0, 0, 0, 0, NULL, 0);
INSERT INTO elements (el_id, el_name, el_short_name, md_standard, form_code, from_codelist, only_value, form_ignore, form_pack, multi_lang, choice, is_atrib) VALUES (20014, 'alias', '', 2, 'T', NULL, 0, 0, 0, 0, NULL, 0);
INSERT INTO elements (el_id, el_name, el_short_name, md_standard, form_code, from_codelist, only_value, form_ignore, form_pack, multi_lang, choice, is_atrib) VALUES (20031, 'memberName', '', 2, 'T', NULL, 0, 0, 0, 0, NULL, 0);
INSERT INTO elements (el_id, el_name, el_short_name, md_standard, form_code, from_codelist, only_value, form_ignore, form_pack, multi_lang, choice, is_atrib) VALUES (30104, 'invocatonName', '', 0, 'T', NULL, 0, 0, 0, 0, NULL, 0);
INSERT INTO elements (el_id, el_name, el_short_name, md_standard, form_code, from_codelist, only_value, form_ignore, form_pack, multi_lang, choice, is_atrib) VALUES (20033, 'code', '', 2, 'T', NULL, 0, 0, 0, 0, NULL, 0);
INSERT INTO elements (el_id, el_name, el_short_name, md_standard, form_code, from_codelist, only_value, form_ignore, form_pack, multi_lang, choice, is_atrib) VALUES (1, 'verification', 'verification', 0, 'T', NULL, 0, 1, 0, 0, NULL, 0);
INSERT INTO elements (el_id, el_name, el_short_name, md_standard, form_code, from_codelist, only_value, form_ignore, form_pack, multi_lang, choice, is_atrib) VALUES (60, 'hierarchyLevel', 'mdHrLv', 0, 'T', NULL, 0, 0, 0, 0, '1', 0);
INSERT INTO elements (el_id, el_name, el_short_name, md_standard, form_code, from_codelist, only_value, form_ignore, form_pack, multi_lang, choice, is_atrib) VALUES (62, 'MD_ScopeCode_DomainCodes', 'MD_ScopeCode_DomainCodes', 0, 'T', NULL, 0, 1, 0, 0, NULL, 0);
INSERT INTO elements (el_id, el_name, el_short_name, md_standard, form_code, from_codelist, only_value, form_ignore, form_pack, multi_lang, choice, is_atrib) VALUES (1601, 'MD_CellGeometryCode', 'MD_CellGeometryCode_CodeList', 0, 'C', 1600, 1, 0, 0, 0, NULL, 0);
INSERT INTO elements (el_id, el_name, el_short_name, md_standard, form_code, from_codelist, only_value, form_ignore, form_pack, multi_lang, choice, is_atrib) VALUES (392, 'isoName', 'isoName', 0, 'T', NULL, 0, 1, 0, 0, NULL, 0);
INSERT INTO elements (el_id, el_name, el_short_name, md_standard, form_code, from_codelist, only_value, form_ignore, form_pack, multi_lang, choice, is_atrib) VALUES (393, 'otherLang', 'otherLang', 0, 'T', NULL, 0, 1, 0, 0, NULL, 0);
INSERT INTO elements (el_id, el_name, el_short_name, md_standard, form_code, from_codelist, only_value, form_ignore, form_pack, multi_lang, choice, is_atrib) VALUES (860, 'LI_ProcessStep', 'PrcessStep', 0, 'T', NULL, 0, 1, 0, 0, NULL, 0);
INSERT INTO elements (el_id, el_name, el_short_name, md_standard, form_code, from_codelist, only_value, form_ignore, form_pack, multi_lang, choice, is_atrib) VALUES (920, 'LI_Source', 'Source', 0, 'T', NULL, 0, 1, 0, 0, NULL, 0);
INSERT INTO elements (el_id, el_name, el_short_name, md_standard, form_code, from_codelist, only_value, form_ignore, form_pack, multi_lang, choice, is_atrib) VALUES (220, 'metadataMaintenance', 'mdMaint', 0, 'T', NULL, 0, 0, 1, 0, NULL, 0);
INSERT INTO elements (el_id, el_name, el_short_name, md_standard, form_code, from_codelist, only_value, form_ignore, form_pack, multi_lang, choice, is_atrib) VALUES (310, 'graphicOverview', 'graphOver', 0, 'T', NULL, 0, 0, 1, 0, NULL, 0);
INSERT INTO elements (el_id, el_name, el_short_name, md_standard, form_code, from_codelist, only_value, form_ignore, form_pack, multi_lang, choice, is_atrib) VALUES (320, 'resourceFormat', 'dsFormat', 0, 'T', NULL, 0, 0, 1, 0, NULL, 0);
INSERT INTO elements (el_id, el_name, el_short_name, md_standard, form_code, from_codelist, only_value, form_ignore, form_pack, multi_lang, choice, is_atrib) VALUES (330, 'descriptiveKeywords', 'descKeys', 0, 'T', NULL, 0, 0, 1, 0, NULL, 0);
INSERT INTO elements (el_id, el_name, el_short_name, md_standard, form_code, from_codelist, only_value, form_ignore, form_pack, multi_lang, choice, is_atrib) VALUES (340, 'resourceSpecificUsage', 'idSpecUse', 0, 'T', NULL, 0, 0, 1, 0, NULL, 0);
INSERT INTO elements (el_id, el_name, el_short_name, md_standard, form_code, from_codelist, only_value, form_ignore, form_pack, multi_lang, choice, is_atrib) VALUES (351, 'aggregationInfo', 'aggrInfo', 0, 'T', NULL, 0, 0, 1, 0, NULL, 0);
INSERT INTO elements (el_id, el_name, el_short_name, md_standard, form_code, from_codelist, only_value, form_ignore, form_pack, multi_lang, choice, is_atrib) VALUES (2420, 'dimension', 'covDim', 0, 'T', NULL, 0, 0, 0, 0, NULL, 0);
INSERT INTO elements (el_id, el_name, el_short_name, md_standard, form_code, from_codelist, only_value, form_ignore, form_pack, multi_lang, choice, is_atrib) VALUES (2710, 'distributionFormat', 'distFormat', 0, 'T', NULL, 0, 0, 1, 0, NULL, 0);
INSERT INTO elements (el_id, el_name, el_short_name, md_standard, form_code, from_codelist, only_value, form_ignore, form_pack, multi_lang, choice, is_atrib) VALUES (2810, 'distributionOrderProcess', 'distorOrdPrc', 0, 'T', NULL, 0, 0, 1, 0, NULL, 0);
INSERT INTO elements (el_id, el_name, el_short_name, md_standard, form_code, from_codelist, only_value, form_ignore, form_pack, multi_lang, choice, is_atrib) VALUES (2720, 'distributor', 'distributor', 0, 'T', NULL, 0, 0, 0, 0, NULL, 0);
INSERT INTO elements (el_id, el_name, el_short_name, md_standard, form_code, from_codelist, only_value, form_ignore, form_pack, multi_lang, choice, is_atrib) VALUES (2820, 'distributorFormat', 'distorFormat', 0, 'T', NULL, 0, 0, 1, 0, NULL, 0);
INSERT INTO elements (el_id, el_name, el_short_name, md_standard, form_code, from_codelist, only_value, form_ignore, form_pack, multi_lang, choice, is_atrib) VALUES (2830, 'distributorTransferOptions', 'distorTran', 0, 'T', NULL, 0, 0, 1, 0, NULL, 0);
INSERT INTO elements (el_id, el_name, el_short_name, md_standard, form_code, from_codelist, only_value, form_ignore, form_pack, multi_lang, choice, is_atrib) VALUES (1930, 'ellipsoidParameters', 'ellParas', 0, 'T', NULL, 0, 0, 0, 0, NULL, 0);
INSERT INTO elements (el_id, el_name, el_short_name, md_standard, form_code, from_codelist, only_value, form_ignore, form_pack, multi_lang, choice, is_atrib) VALUES (10012, 'language', '', 1, 'C', -390, 0, 0, 0, 0, NULL, 0);
INSERT INTO elements (el_id, el_name, el_short_name, md_standard, form_code, from_codelist, only_value, form_ignore, form_pack, multi_lang, choice, is_atrib) VALUES (1030, 'evaluationMethodType', 'evalMethType', 0, 'T', NULL, 0, 0, 0, 0, NULL, 0);
INSERT INTO elements (el_id, el_name, el_short_name, md_standard, form_code, from_codelist, only_value, form_ignore, form_pack, multi_lang, choice, is_atrib) VALUES (3583, 'code', 'code', 0, 'T', NULL, 0, 0, 0, 0, NULL, 0);
INSERT INTO elements (el_id, el_name, el_short_name, md_standard, form_code, from_codelist, only_value, form_ignore, form_pack, multi_lang, choice, is_atrib) VALUES (3820, 'city', 'city', 0, 'T', NULL, 0, 0, 0, 0, NULL, 0);
INSERT INTO elements (el_id, el_name, el_short_name, md_standard, form_code, from_codelist, only_value, form_ignore, form_pack, multi_lang, choice, is_atrib) VALUES (3140, 'maximumOccurrence', 'extEleMxOc', 0, 'T', NULL, 0, 0, 0, 0, NULL, 0);
INSERT INTO elements (el_id, el_name, el_short_name, md_standard, form_code, from_codelist, only_value, form_ignore, form_pack, multi_lang, choice, is_atrib) VALUES (3070, 'name', 'extEleName', 0, 'T', NULL, 0, 0, 0, 0, NULL, 0);
INSERT INTO elements (el_id, el_name, el_short_name, md_standard, form_code, from_codelist, only_value, form_ignore, form_pack, multi_lang, choice, is_atrib) VALUES (3110, 'obligation', 'extEleOb', 0, 'T', NULL, 0, 0, 0, 0, NULL, 0);
INSERT INTO elements (el_id, el_name, el_short_name, md_standard, form_code, from_codelist, only_value, form_ignore, form_pack, multi_lang, choice, is_atrib) VALUES (3160, 'parentEntity', 'extEleParEnt', 0, 'T', NULL, 0, 0, 0, 0, NULL, 0);
INSERT INTO elements (el_id, el_name, el_short_name, md_standard, form_code, from_codelist, only_value, form_ignore, form_pack, multi_lang, choice, is_atrib) VALUES (3170, 'rule', 'extEleRule', 0, 'T', NULL, 0, 0, 0, 0, NULL, 0);
INSERT INTO elements (el_id, el_name, el_short_name, md_standard, form_code, from_codelist, only_value, form_ignore, form_pack, multi_lang, choice, is_atrib) VALUES (3190, 'source', 'extEleSrc', 0, 'T', NULL, 0, 0, 0, 0, NULL, 0);
INSERT INTO elements (el_id, el_name, el_short_name, md_standard, form_code, from_codelist, only_value, form_ignore, form_pack, multi_lang, choice, is_atrib) VALUES (3060, 'MD_ExtendedElementInformation', 'ExtEleInfo', 0, 'T', NULL, 0, 1, 0, 0, NULL, 0);
INSERT INTO elements (el_id, el_name, el_short_name, md_standard, form_code, from_codelist, only_value, form_ignore, form_pack, multi_lang, choice, is_atrib) VALUES (3040, 'extensionOnLineResource', 'extOnRes', 0, 'T', NULL, 0, 0, 0, 0, NULL, 0);
INSERT INTO elements (el_id, el_name, el_short_name, md_standard, form_code, from_codelist, only_value, form_ignore, form_pack, multi_lang, choice, is_atrib) VALUES (3080, 'shortName', 'extShortName', 0, 'T', NULL, 0, 0, 0, 0, NULL, 0);
INSERT INTO elements (el_id, el_name, el_short_name, md_standard, form_code, from_codelist, only_value, form_ignore, form_pack, multi_lang, choice, is_atrib) VALUES (2200, 'falseEasting', 'falEastng', 0, 'T', NULL, 0, 0, 0, 0, NULL, 0);
INSERT INTO elements (el_id, el_name, el_short_name, md_standard, form_code, from_codelist, only_value, form_ignore, form_pack, multi_lang, choice, is_atrib) VALUES (2220, 'falseEastingNorthingUnits', 'falENUnits', 0, 'T', NULL, 0, 0, 0, 0, NULL, 0);
INSERT INTO elements (el_id, el_name, el_short_name, md_standard, form_code, from_codelist, only_value, form_ignore, form_pack, multi_lang, choice, is_atrib) VALUES (2210, 'falseNorthing', 'falNorthng', 0, 'T', NULL, 0, 0, 0, 0, NULL, 0);
INSERT INTO elements (el_id, el_name, el_short_name, md_standard, form_code, from_codelist, only_value, form_ignore, form_pack, multi_lang, choice, is_atrib) VALUES (4090, 'facsimile', 'faxNum', 0, 'T', NULL, 0, 0, 0, 0, NULL, 0);
INSERT INTO elements (el_id, el_name, el_short_name, md_standard, form_code, from_codelist, only_value, form_ignore, form_pack, multi_lang, choice, is_atrib) VALUES (1520, 'featureInstances', 'featIntSet', 0, 'T', NULL, 0, 0, 0, 0, NULL, 0);
INSERT INTO elements (el_id, el_name, el_short_name, md_standard, form_code, from_codelist, only_value, form_ignore, form_pack, multi_lang, choice, is_atrib) VALUES (1510, 'features', 'featSet', 0, 'T', NULL, 0, 0, 0, 0, NULL, 0);
INSERT INTO elements (el_id, el_name, el_short_name, md_standard, form_code, from_codelist, only_value, form_ignore, form_pack, multi_lang, choice, is_atrib) VALUES (2890, 'fileDecompressionTechnique', 'fileDecmTech', 0, 'T', NULL, 0, 0, 0, 0, NULL, 0);
INSERT INTO elements (el_id, el_name, el_short_name, md_standard, form_code, from_codelist, only_value, form_ignore, form_pack, multi_lang, choice, is_atrib) VALUES (520, 'MD_Keywords', 'Keywords', 0, 'T', NULL, 0, 1, 0, 0, NULL, 0);
INSERT INTO elements (el_id, el_name, el_short_name, md_standard, form_code, from_codelist, only_value, form_ignore, form_pack, multi_lang, choice, is_atrib) VALUES (2870, 'amendmentNumber', 'formatAmdNum', 0, 'T', NULL, 0, 0, 0, 0, NULL, 0);
INSERT INTO elements (el_id, el_name, el_short_name, md_standard, form_code, from_codelist, only_value, form_ignore, form_pack, multi_lang, choice, is_atrib) VALUES (2850, 'name', 'formatName', 0, 'T', NULL, 0, 0, 0, 0, NULL, 0);
INSERT INTO elements (el_id, el_name, el_short_name, md_standard, form_code, from_codelist, only_value, form_ignore, form_pack, multi_lang, choice, is_atrib) VALUES (2880, 'specification', 'formatSpec', 0, 'T', NULL, 0, 0, 0, 0, NULL, 0);
INSERT INTO elements (el_id, el_name, el_short_name, md_standard, form_code, from_codelist, only_value, form_ignore, form_pack, multi_lang, choice, is_atrib) VALUES (2860, 'version', 'formatVer', 0, 'T', NULL, 0, 0, 0, 0, NULL, 0);
INSERT INTO elements (el_id, el_name, el_short_name, md_standard, form_code, from_codelist, only_value, form_ignore, form_pack, multi_lang, choice, is_atrib) VALUES (410, 'topicCategory', 'tpCat', 0, 'T', 410, 0, 0, 0, 0, NULL, 0);
INSERT INTO elements (el_id, el_name, el_short_name, md_standard, form_code, from_codelist, only_value, form_ignore, form_pack, multi_lang, choice, is_atrib) VALUES (412, 'MD_TopicCategoryCode_DomainCodes', 'MD_TopicCategoryCode_DomainCodes', 0, 'T', NULL, 0, 1, 0, 0, NULL, 0);
INSERT INTO elements (el_id, el_name, el_short_name, md_standard, form_code, from_codelist, only_value, form_ignore, form_pack, multi_lang, choice, is_atrib) VALUES (2840, 'MD_Format', 'Format', 0, 'T', NULL, 0, 1, 0, 0, NULL, 0);
INSERT INTO elements (el_id, el_name, el_short_name, md_standard, form_code, from_codelist, only_value, form_ignore, form_pack, multi_lang, choice, is_atrib) VALUES (3400, 'extentTypeCode', 'exTypeCode', 0, 'C', 1, 0, 0, 0, 0, NULL, 0);
INSERT INTO elements (el_id, el_name, el_short_name, md_standard, form_code, from_codelist, only_value, form_ignore, form_pack, multi_lang, choice, is_atrib) VALUES (3581, 'datumID', 'vertDatumID', 0, 'T', NULL, 0, 0, 0, 0, NULL, 0);
INSERT INTO elements (el_id, el_name, el_short_name, md_standard, form_code, from_codelist, only_value, form_ignore, form_pack, multi_lang, choice, is_atrib) VALUES (790, 'scope', 'dqScope', 0, 'T', NULL, 0, 0, 0, 0, NULL, 0);
INSERT INTO elements (el_id, el_name, el_short_name, md_standard, form_code, from_codelist, only_value, form_ignore, form_pack, multi_lang, choice, is_atrib) VALUES (300, 'resourceMaintenance', 'resMaint', 0, 'T', NULL, 0, 0, 1, 0, NULL, 0);
INSERT INTO elements (el_id, el_name, el_short_name, md_standard, form_code, from_codelist, only_value, form_ignore, form_pack, multi_lang, choice, is_atrib) VALUES (80, 'contact', 'mdContact', 0, 'T', NULL, 0, 0, 1, 0, NULL, 0);
INSERT INTO elements (el_id, el_name, el_short_name, md_standard, form_code, from_codelist, only_value, form_ignore, form_pack, multi_lang, choice, is_atrib) VALUES (2380, 'featureCatalogueCitation', 'catCitation', 0, 'T', NULL, 0, 0, 1, 0, NULL, 0);
INSERT INTO elements (el_id, el_name, el_short_name, md_standard, form_code, from_codelist, only_value, form_ignore, form_pack, multi_lang, choice, is_atrib) VALUES (3210, 'name', 'asName', 0, 'T', NULL, 0, 0, 1, 0, NULL, 0);
INSERT INTO elements (el_id, el_name, el_short_name, md_standard, form_code, from_codelist, only_value, form_ignore, form_pack, multi_lang, choice, is_atrib) VALUES (990, 'DQ_Element', 'DQElement', 0, 'R', NULL, 0, 0, 1, 0, NULL, 0);
INSERT INTO elements (el_id, el_name, el_short_name, md_standard, form_code, from_codelist, only_value, form_ignore, form_pack, multi_lang, choice, is_atrib) VALUES (960, 'sourceCitation', 'srcCitatn', 0, 'T', NULL, 0, 0, 1, 0, NULL, 0);
INSERT INTO elements (el_id, el_name, el_short_name, md_standard, form_code, from_codelist, only_value, form_ignore, form_pack, multi_lang, choice, is_atrib) VALUES (970, 'sourceExtent', 'srcExt', 0, 'T', NULL, 0, 0, 1, 0, NULL, 0);
INSERT INTO elements (el_id, el_name, el_short_name, md_standard, form_code, from_codelist, only_value, form_ignore, form_pack, multi_lang, choice, is_atrib) VALUES (1400, 'extent', 'scpExt', 0, 'T', NULL, 0, 0, 1, 0, NULL, 0);
INSERT INTO elements (el_id, el_name, el_short_name, md_standard, form_code, from_codelist, only_value, form_ignore, form_pack, multi_lang, choice, is_atrib) VALUES (1070, 'result', 'measResult', 0, 'T', NULL, 0, 0, 1, 0, NULL, 0);
INSERT INTO elements (el_id, el_name, el_short_name, md_standard, form_code, from_codelist, only_value, form_ignore, form_pack, multi_lang, choice, is_atrib) VALUES (1050, 'evaluationProcedure', 'evalProc', 0, 'T', NULL, 0, 0, 1, 0, NULL, 0);
INSERT INTO elements (el_id, el_name, el_short_name, md_standard, form_code, from_codelist, only_value, form_ignore, form_pack, multi_lang, choice, is_atrib) VALUES (1290, 'DQ_ConformanceResult', 'ConResult', 0, 'T', NULL, 0, 0, 1, 0, NULL, 0);
INSERT INTO elements (el_id, el_name, el_short_name, md_standard, form_code, from_codelist, only_value, form_ignore, form_pack, multi_lang, choice, is_atrib) VALUES (1330, 'DQ_QuantitativeResult', 'QuanResult', 0, 'T', NULL, 0, 0, 1, 0, NULL, 0);
INSERT INTO elements (el_id, el_name, el_short_name, md_standard, form_code, from_codelist, only_value, form_ignore, form_pack, multi_lang, choice, is_atrib) VALUES (2280, 'straightVerticalLongitudeFromPole', 'stVrLongPl', 0, 'T', NULL, 0, 0, 0, 0, NULL, 0);
INSERT INTO elements (el_id, el_name, el_short_name, md_standard, form_code, from_codelist, only_value, form_ignore, form_pack, multi_lang, choice, is_atrib) VALUES (2800, 'distributorContact', 'distorCont', 0, 'T', NULL, 0, 0, 1, 0, NULL, 0);
INSERT INTO elements (el_id, el_name, el_short_name, md_standard, form_code, from_codelist, only_value, form_ignore, form_pack, multi_lang, choice, is_atrib) VALUES (250, 'abstract', 'idAbs', 0, 'A', NULL, 0, 0, 0, 1, NULL, 0);
INSERT INTO elements (el_id, el_name, el_short_name, md_standard, form_code, from_codelist, only_value, form_ignore, form_pack, multi_lang, choice, is_atrib) VALUES (30105, 'parameters', '', 0, 'T', NULL, 0, 0, 0, 0, NULL, 0);
INSERT INTO elements (el_id, el_name, el_short_name, md_standard, form_code, from_codelist, only_value, form_ignore, form_pack, multi_lang, choice, is_atrib) VALUES (30106, 'connectPoint', '', 0, 'T', NULL, 0, 0, 0, 0, NULL, 0);
INSERT INTO elements (el_id, el_name, el_short_name, md_standard, form_code, from_codelist, only_value, form_ignore, form_pack, multi_lang, choice, is_atrib) VALUES (10005, 'publisher', '', 1, 'T', NULL, 0, 0, 0, 0, NULL, 0);
INSERT INTO elements (el_id, el_name, el_short_name, md_standard, form_code, from_codelist, only_value, form_ignore, form_pack, multi_lang, choice, is_atrib) VALUES (10006, 'contributor', '', 1, 'T', NULL, 0, 0, 0, 0, NULL, 0);
INSERT INTO elements (el_id, el_name, el_short_name, md_standard, form_code, from_codelist, only_value, form_ignore, form_pack, multi_lang, choice, is_atrib) VALUES (10009, 'format', '', 1, 'T', NULL, 0, 0, 0, 0, NULL, 0);
INSERT INTO elements (el_id, el_name, el_short_name, md_standard, form_code, from_codelist, only_value, form_ignore, form_pack, multi_lang, choice, is_atrib) VALUES (10010, 'identifier', '', 1, 'T', NULL, 0, 0, 0, 0, NULL, 0);
INSERT INTO elements (el_id, el_name, el_short_name, md_standard, form_code, from_codelist, only_value, form_ignore, form_pack, multi_lang, choice, is_atrib) VALUES (2082, 'version', 'identVrsn', 0, 'T', NULL, 0, 0, 0, 0, NULL, 0);
INSERT INTO elements (el_id, el_name, el_short_name, md_standard, form_code, from_codelist, only_value, form_ignore, form_pack, multi_lang, choice, is_atrib) VALUES (2470, 'imageQualityCode', 'imagQuCode', 0, 'T', NULL, 0, 0, 0, 0, NULL, 0);
INSERT INTO elements (el_id, el_name, el_short_name, md_standard, form_code, from_codelist, only_value, form_ignore, form_pack, multi_lang, choice, is_atrib) VALUES (665, 'initiativeType', 'initType', 0, 'T', NULL, 0, 0, 0, 0, NULL, 0);
INSERT INTO elements (el_id, el_name, el_short_name, md_standard, form_code, from_codelist, only_value, form_ignore, form_pack, multi_lang, choice, is_atrib) VALUES (3720, 'ISBN', 'isbn', 0, 'T', NULL, 0, 0, 0, 0, NULL, 0);
INSERT INTO elements (el_id, el_name, el_short_name, md_standard, form_code, from_codelist, only_value, form_ignore, form_pack, multi_lang, choice, is_atrib) VALUES (4050, 'issueIdentification', 'issId', 0, 'T', NULL, 0, 0, 0, 0, NULL, 0);
INSERT INTO elements (el_id, el_name, el_short_name, md_standard, form_code, from_codelist, only_value, form_ignore, form_pack, multi_lang, choice, is_atrib) VALUES (2260, 'latitudeOfProjectionCenter', 'latProjCnt', 0, 'T', NULL, 0, 0, 0, 0, NULL, 0);
INSERT INTO elements (el_id, el_name, el_short_name, md_standard, form_code, from_codelist, only_value, form_ignore, form_pack, multi_lang, choice, is_atrib) VALUES (2190, 'latitudeOfProjectionOrigin', 'latProjOri', 0, 'T', NULL, 0, 0, 0, 0, NULL, 0);
INSERT INTO elements (el_id, el_name, el_short_name, md_standard, form_code, from_codelist, only_value, form_ignore, form_pack, multi_lang, choice, is_atrib) VALUES (3030, 'MD_MetadataExtensionInformation', 'MdExtInfo', 0, 'T', NULL, 0, 1, 0, 0, NULL, 0);
INSERT INTO elements (el_id, el_name, el_short_name, md_standard, form_code, from_codelist, only_value, form_ignore, form_pack, multi_lang, choice, is_atrib) VALUES (2180, 'longitudeOfCentralMeridian', 'longCntMer', 0, 'T', NULL, 0, 0, 0, 0, NULL, 0);
INSERT INTO elements (el_id, el_name, el_short_name, md_standard, form_code, from_codelist, only_value, form_ignore, form_pack, multi_lang, choice, is_atrib) VALUES (2250, 'longitudeOfProjectionCenter', 'longProjCnt', 0, 'T', NULL, 0, 0, 0, 0, NULL, 0);
INSERT INTO elements (el_id, el_name, el_short_name, md_standard, form_code, from_codelist, only_value, form_ignore, form_pack, multi_lang, choice, is_atrib) VALUES (2600, 'maxValue', 'maxVal', 0, 'T', NULL, 0, 0, 0, 0, NULL, 0);
INSERT INTO elements (el_id, el_name, el_short_name, md_standard, form_code, from_codelist, only_value, form_ignore, form_pack, multi_lang, choice, is_atrib) VALUES (1890, 'MD_CRS', 'MdCoRefSys', 0, 'T', NULL, 0, 0, 0, 0, NULL, 0);
INSERT INTO elements (el_id, el_name, el_short_name, md_standard, form_code, from_codelist, only_value, form_ignore, form_pack, multi_lang, choice, is_atrib) VALUES (5103, 'beginPosition', 'gml:beginPosition', 0, 'D', NULL, 0, 0, 0, 0, NULL, 0);
INSERT INTO elements (el_id, el_name, el_short_name, md_standard, form_code, from_codelist, only_value, form_ignore, form_pack, multi_lang, choice, is_atrib) VALUES (70, 'hierarchyLevelName', 'mdHrLvName', 0, 'T', NULL, 0, 0, 0, 0, NULL, 0);
INSERT INTO elements (el_id, el_name, el_short_name, md_standard, form_code, from_codelist, only_value, form_ignore, form_pack, multi_lang, choice, is_atrib) VALUES (2050, 'MD_Identifier', 'MdIdent', 0, 'T', NULL, 0, 0, 0, 0, NULL, 0);
INSERT INTO elements (el_id, el_name, el_short_name, md_standard, form_code, from_codelist, only_value, form_ignore, form_pack, multi_lang, choice, is_atrib) VALUES (1060, 'dateTime', 'measDateTm', 0, 'T', NULL, 0, 0, 0, 0, NULL, 0);
INSERT INTO elements (el_id, el_name, el_short_name, md_standard, form_code, from_codelist, only_value, form_ignore, form_pack, multi_lang, choice, is_atrib) VALUES (1010, 'measureIdentification', 'measId', 0, 'T', NULL, 0, 0, 0, 0, NULL, 0);
INSERT INTO elements (el_id, el_name, el_short_name, md_standard, form_code, from_codelist, only_value, form_ignore, form_pack, multi_lang, choice, is_atrib) VALUES (1000, 'nameOfMeasure', 'measName', 0, 'T', NULL, 0, 0, 0, 0, NULL, 0);
INSERT INTO elements (el_id, el_name, el_short_name, md_standard, form_code, from_codelist, only_value, form_ignore, form_pack, multi_lang, choice, is_atrib) VALUES (2930, 'density', 'medDensity', 0, 'T', NULL, 0, 0, 0, 0, NULL, 0);
INSERT INTO elements (el_id, el_name, el_short_name, md_standard, form_code, from_codelist, only_value, form_ignore, form_pack, multi_lang, choice, is_atrib) VALUES (2940, 'densityUnits', 'medDenUnits', 0, 'T', NULL, 0, 0, 0, 0, NULL, 0);
INSERT INTO elements (el_id, el_name, el_short_name, md_standard, form_code, from_codelist, only_value, form_ignore, form_pack, multi_lang, choice, is_atrib) VALUES (3584, 'codeSpace', 'vertCodeSpace', 0, 'T', NULL, 0, 0, 0, 0, NULL, 0);
INSERT INTO elements (el_id, el_name, el_short_name, md_standard, form_code, from_codelist, only_value, form_ignore, form_pack, multi_lang, choice, is_atrib) VALUES (3585, 'version', 'vertVer', 0, 'T', NULL, 0, 0, 0, 0, NULL, 0);
INSERT INTO elements (el_id, el_name, el_short_name, md_standard, form_code, from_codelist, only_value, form_ignore, form_pack, multi_lang, choice, is_atrib) VALUES (30107, 'dependsOn', '', 0, 'T', NULL, 0, 0, 0, 0, NULL, 0);
INSERT INTO elements (el_id, el_name, el_short_name, md_standard, form_code, from_codelist, only_value, form_ignore, form_pack, multi_lang, choice, is_atrib) VALUES (2960, 'mediumFormat', 'medFormat', 0, 'T', NULL, 0, 0, 0, 0, NULL, 0);
INSERT INTO elements (el_id, el_name, el_short_name, md_standard, form_code, from_codelist, only_value, form_ignore, form_pack, multi_lang, choice, is_atrib) VALUES (1860, 'MD_ReferenceSystem', 'RefSystem', 0, 'T', NULL, 0, 1, 0, 0, NULL, 0);
INSERT INTO elements (el_id, el_name, el_short_name, md_standard, form_code, from_codelist, only_value, form_ignore, form_pack, multi_lang, choice, is_atrib) VALUES (2920, 'name', 'medName', 0, 'T', NULL, 0, 0, 0, 0, NULL, 0);
INSERT INTO elements (el_id, el_name, el_short_name, md_standard, form_code, from_codelist, only_value, form_ignore, form_pack, multi_lang, choice, is_atrib) VALUES (2610, 'minValue', 'minVal', 0, 'T', NULL, 0, 0, 0, 0, NULL, 0);
INSERT INTO elements (el_id, el_name, el_short_name, md_standard, form_code, from_codelist, only_value, form_ignore, form_pack, multi_lang, choice, is_atrib) VALUES (1360, 'errorStatistic', 'errStat', 0, 'T', NULL, 0, 0, 0, 0, NULL, 0);
INSERT INTO elements (el_id, el_name, el_short_name, md_standard, form_code, from_codelist, only_value, form_ignore, form_pack, multi_lang, choice, is_atrib) VALUES (1800, 'dimensionName', 'dimName', 0, 'T', NULL, 0, 0, 0, 0, NULL, 0);
INSERT INTO elements (el_id, el_name, el_short_name, md_standard, form_code, from_codelist, only_value, form_ignore, form_pack, multi_lang, choice, is_atrib) VALUES (3090, 'domainCode', 'extDomCode', 0, 'T', NULL, 0, 0, 0, 0, NULL, 0);
INSERT INTO elements (el_id, el_name, el_short_name, md_standard, form_code, from_codelist, only_value, form_ignore, form_pack, multi_lang, choice, is_atrib) VALUES (3120, 'condition', 'extEleCond', 0, 'T', NULL, 0, 0, 0, 0, NULL, 0);
INSERT INTO elements (el_id, el_name, el_short_name, md_standard, form_code, from_codelist, only_value, form_ignore, form_pack, multi_lang, choice, is_atrib) VALUES (402, 'MD_CharacterSetCode_DomainCodes', 'MD_CharacterSetCode_DomainCodes', 0, 'T', NULL, 0, 1, 0, 0, NULL, 0);
INSERT INTO elements (el_id, el_name, el_short_name, md_standard, form_code, from_codelist, only_value, form_ignore, form_pack, multi_lang, choice, is_atrib) VALUES (400, 'characterSet', 'dataChar', 0, 'T', NULL, 0, 0, 0, 0, NULL, 0);
INSERT INTO elements (el_id, el_name, el_short_name, md_standard, form_code, from_codelist, only_value, form_ignore, form_pack, multi_lang, choice, is_atrib) VALUES (372, 'MD_SpatialRepresentationTypeCode_DomainCodes', 'MD_SpatialRepresentationTypeCode_DomainCodes', 0, 'T', NULL, 0, 1, 0, 0, NULL, 0);
INSERT INTO elements (el_id, el_name, el_short_name, md_standard, form_code, from_codelist, only_value, form_ignore, form_pack, multi_lang, choice, is_atrib) VALUES (370, 'spatialRepresentationType', 'spatRpType', 0, 'T', NULL, 0, 0, 0, 0, NULL, 0);
INSERT INTO elements (el_id, el_name, el_short_name, md_standard, form_code, from_codelist, only_value, form_ignore, form_pack, multi_lang, choice, is_atrib) VALUES (20038, 'valueLabel', '', 2, 'T', NULL, 0, 0, 0, 1, NULL, 0);
INSERT INTO elements (el_id, el_name, el_short_name, md_standard, form_code, from_codelist, only_value, form_ignore, form_pack, multi_lang, choice, is_atrib) VALUES (700, 'accessConstraints', 'accessConsts', 0, 'T', NULL, 0, 0, 0, 0, NULL, 0);
INSERT INTO elements (el_id, el_name, el_short_name, md_standard, form_code, from_codelist, only_value, form_ignore, form_pack, multi_lang, choice, is_atrib) VALUES (10016, 'uuid', '', 1, 'T', NULL, 0, 1, 0, 0, NULL, 0);
INSERT INTO elements (el_id, el_name, el_short_name, md_standard, form_code, from_codelist, only_value, form_ignore, form_pack, multi_lang, choice, is_atrib) VALUES (41, 'MD_CharacterSetCode', 'MD_CharacterSetCode_CodeList', 0, 'C', 400, 1, 1, 0, 0, NULL, 0);
INSERT INTO elements (el_id, el_name, el_short_name, md_standard, form_code, from_codelist, only_value, form_ignore, form_pack, multi_lang, choice, is_atrib) VALUES (3700, 'otherCitationDetails', 'otherCitDet', 0, 'T', NULL, 0, 0, 0, 0, NULL, 0);
INSERT INTO elements (el_id, el_name, el_short_name, md_standard, form_code, from_codelist, only_value, form_ignore, form_pack, multi_lang, choice, is_atrib) VALUES (1750, 'parameterCitation', 'paraCit', 0, 'T', NULL, 0, 0, 0, 0, NULL, 0);
INSERT INTO elements (el_id, el_name, el_short_name, md_standard, form_code, from_codelist, only_value, form_ignore, form_pack, multi_lang, choice, is_atrib) VALUES (2630, 'peakResponse', 'pkResp', 0, 'T', NULL, 0, 0, 0, 0, NULL, 0);
INSERT INTO elements (el_id, el_name, el_short_name, md_standard, form_code, from_codelist, only_value, form_ignore, form_pack, multi_lang, choice, is_atrib) VALUES (2690, 'portrayalCatalogueCitation', 'portCatCit', 0, 'T', NULL, 0, 0, 0, 0, NULL, 0);
INSERT INTO elements (el_id, el_name, el_short_name, md_standard, form_code, from_codelist, only_value, form_ignore, form_pack, multi_lang, choice, is_atrib) VALUES (5104, 'endPosition', 'gml:endPosition', 0, 'D', NULL, 0, 0, 0, 0, NULL, 0);
INSERT INTO elements (el_id, el_name, el_short_name, md_standard, form_code, from_codelist, only_value, form_ignore, form_pack, multi_lang, choice, is_atrib) VALUES (3840, 'postalCode', 'postCode', 0, 'T', NULL, 0, 0, 0, 0, NULL, 0);
INSERT INTO elements (el_id, el_name, el_short_name, md_standard, form_code, from_codelist, only_value, form_ignore, form_pack, multi_lang, choice, is_atrib) VALUES (2490, 'processingLevelCode', 'prcTypCde', 0, 'T', NULL, 0, 0, 0, 0, NULL, 0);
INSERT INTO elements (el_id, el_name, el_short_name, md_standard, form_code, from_codelist, only_value, form_ignore, form_pack, multi_lang, choice, is_atrib) VALUES (1900, 'projection', 'projection', 0, 'T', NULL, 0, 0, 0, 0, NULL, 0);
INSERT INTO elements (el_id, el_name, el_short_name, md_standard, form_code, from_codelist, only_value, form_ignore, form_pack, multi_lang, choice, is_atrib) VALUES (3980, 'protocol', 'protocol', 0, 'T', NULL, 0, 0, 0, 0, NULL, 0);
INSERT INTO elements (el_id, el_name, el_short_name, md_standard, form_code, from_codelist, only_value, form_ignore, form_pack, multi_lang, choice, is_atrib) VALUES (1670, 'pointInPixel', 'ptInPixel', 0, 'T', NULL, 0, 0, 0, 0, NULL, 0);
INSERT INTO elements (el_id, el_name, el_short_name, md_standard, form_code, from_codelist, only_value, form_ignore, form_pack, multi_lang, choice, is_atrib) VALUES (2360, 'includedWithDataset', 'incWithDS', 0, 'C', 1, 0, 0, 0, 0, NULL, 0);
INSERT INTO elements (el_id, el_name, el_short_name, md_standard, form_code, from_codelist, only_value, form_ignore, form_pack, multi_lang, choice, is_atrib) VALUES (1370, 'value', 'quanVal', 0, 'T', NULL, 0, 0, 0, 0, NULL, 0);
INSERT INTO elements (el_id, el_name, el_short_name, md_standard, form_code, from_codelist, only_value, form_ignore, form_pack, multi_lang, choice, is_atrib) VALUES (1340, 'valueType', 'quanValType', 0, 'T', NULL, 0, 0, 0, 0, NULL, 0);
INSERT INTO elements (el_id, el_name, el_short_name, md_standard, form_code, from_codelist, only_value, form_ignore, form_pack, multi_lang, choice, is_atrib) VALUES (61, 'MD_ScopeCode', 'MD_ScopeCode_CodeList', 0, 'C', 1460, 1, 0, 0, 0, NULL, 0);
INSERT INTO elements (el_id, el_name, el_short_name, md_standard, form_code, from_codelist, only_value, form_ignore, form_pack, multi_lang, choice, is_atrib) VALUES (2560, 'MD_RangeDimension', 'RangeDim', 0, 'T', NULL, 0, 0, 0, 0, NULL, 0);
INSERT INTO elements (el_id, el_name, el_short_name, md_standard, form_code, from_codelist, only_value, form_ignore, form_pack, multi_lang, choice, is_atrib) VALUES (1950, 'RS_ReferenceSystem', 'RefSys', 0, 'T', NULL, 0, 0, 0, 0, NULL, 0);
INSERT INTO elements (el_id, el_name, el_short_name, md_standard, form_code, from_codelist, only_value, form_ignore, form_pack, multi_lang, choice, is_atrib) VALUES (1870, 'referenceSystemIdentifier', 'refSysId', 0, 'T', NULL, 0, 0, 0, 0, NULL, 0);
INSERT INTO elements (el_id, el_name, el_short_name, md_standard, form_code, from_codelist, only_value, form_ignore, form_pack, multi_lang, choice, is_atrib) VALUES (5011, 'accuracy', 'accuracy', 0, 'T', NULL, 0, 0, 0, 0, NULL, 0);
INSERT INTO elements (el_id, el_name, el_short_name, md_standard, form_code, from_codelist, only_value, form_ignore, form_pack, multi_lang, choice, is_atrib) VALUES (1960, 'name', 'refSysName', 0, 'T', NULL, 0, 0, 0, 0, NULL, 0);
INSERT INTO elements (el_id, el_name, el_short_name, md_standard, form_code, from_codelist, only_value, form_ignore, form_pack, multi_lang, choice, is_atrib) VALUES (5105, 'timePosition', 'gml:timePosition', 0, 'D', NULL, 0, 0, 0, 0, NULL, 0);
INSERT INTO elements (el_id, el_name, el_short_name, md_standard, form_code, from_codelist, only_value, form_ignore, form_pack, multi_lang, choice, is_atrib) VALUES (1032, 'DQ_EvaluationMethodTypeCode_DomainCodes', 'DQ_EvaluationMethodTypeCode_DomainCodes', 0, 'T', NULL, 0, 1, 0, 0, NULL, 0);
INSERT INTO elements (el_id, el_name, el_short_name, md_standard, form_code, from_codelist, only_value, form_ignore, form_pack, multi_lang, choice, is_atrib) VALUES (3630, 'edition', 'resEd', 0, 'T', NULL, 0, 0, 0, 0, NULL, 0);
INSERT INTO elements (el_id, el_name, el_short_name, md_standard, form_code, from_codelist, only_value, form_ignore, form_pack, multi_lang, choice, is_atrib) VALUES (2440, 'illuminationElevationAngle', 'illElevAng', 0, 'N', NULL, 0, 0, 0, 0, NULL, 0);
INSERT INTO elements (el_id, el_name, el_short_name, md_standard, form_code, from_codelist, only_value, form_ignore, form_pack, multi_lang, choice, is_atrib) VALUES (2910, 'MD_Medium', 'Medium', 0, 'T', NULL, 0, 1, 0, 0, NULL, 0);
INSERT INTO elements (el_id, el_name, el_short_name, md_standard, form_code, from_codelist, only_value, form_ignore, form_pack, multi_lang, choice, is_atrib) VALUES (1280, 'DQ_Result', 'Result', 0, 'T', NULL, 0, 0, 0, 0, NULL, 0);
INSERT INTO elements (el_id, el_name, el_short_name, md_standard, form_code, from_codelist, only_value, form_ignore, form_pack, multi_lang, choice, is_atrib) VALUES (3790, 'role', 'role', 0, 'T', NULL, 0, 0, 0, 0, NULL, 0);
INSERT INTO elements (el_id, el_name, el_short_name, md_standard, form_code, from_codelist, only_value, form_ignore, form_pack, multi_lang, choice, is_atrib) VALUES (3780, 'contactInfo', 'rpCntInfo', 0, 'T', NULL, 0, 0, 0, 0, NULL, 0);
INSERT INTO elements (el_id, el_name, el_short_name, md_standard, form_code, from_codelist, only_value, form_ignore, form_pack, multi_lang, choice, is_atrib) VALUES (3750, 'individualName', 'rpIndName', 0, 'T', NULL, 0, 0, 0, 0, NULL, 0);
INSERT INTO elements (el_id, el_name, el_short_name, md_standard, form_code, from_codelist, only_value, form_ignore, form_pack, multi_lang, choice, is_atrib) VALUES (4070, 'CI_Telephone', 'Telephone', 0, 'T', NULL, 0, 1, 0, 0, NULL, 0);
INSERT INTO elements (el_id, el_name, el_short_name, md_standard, form_code, from_codelist, only_value, form_ignore, form_pack, multi_lang, choice, is_atrib) VALUES (2660, 'scaleFactor', 'sclFac', 0, 'T', NULL, 0, 0, 0, 0, NULL, 0);
INSERT INTO elements (el_id, el_name, el_short_name, md_standard, form_code, from_codelist, only_value, form_ignore, form_pack, multi_lang, choice, is_atrib) VALUES (2270, 'scaleFactorAtCenterLine', 'sclFacCnt', 0, 'T', NULL, 0, 0, 0, 0, NULL, 0);
INSERT INTO elements (el_id, el_name, el_short_name, md_standard, form_code, from_codelist, only_value, form_ignore, form_pack, multi_lang, choice, is_atrib) VALUES (2230, 'scaleFactorAtEquator', 'sclFacEqu', 0, 'T', NULL, 0, 0, 0, 0, NULL, 0);
INSERT INTO elements (el_id, el_name, el_short_name, md_standard, form_code, from_codelist, only_value, form_ignore, form_pack, multi_lang, choice, is_atrib) VALUES (2290, 'scaleFactorAtProjectionOrigin', 'sclFacPrOr', 0, 'T', NULL, 0, 0, 0, 0, NULL, 0);
INSERT INTO elements (el_id, el_name, el_short_name, md_standard, form_code, from_codelist, only_value, form_ignore, form_pack, multi_lang, choice, is_atrib) VALUES (1490, 'MD_ScopeDescription', 'ScpDesc', 0, 'T', NULL, 0, 0, 0, 0, NULL, 0);
INSERT INTO elements (el_id, el_name, el_short_name, md_standard, form_code, from_codelist, only_value, form_ignore, form_pack, multi_lang, choice, is_atrib) VALUES (742, 'MD_ClassificationCode_DomainCodes', 'MD_ClassificationCode_DomainCodes', 0, 'C', 740, 1, 0, 0, 0, NULL, 0);
INSERT INTO elements (el_id, el_name, el_short_name, md_standard, form_code, from_codelist, only_value, form_ignore, form_pack, multi_lang, choice, is_atrib) VALUES (2450, 'illuminationAzimuthAngle', 'illAziAng', 0, 'N', NULL, 0, 0, 0, 0, NULL, 0);
INSERT INTO elements (el_id, el_name, el_short_name, md_standard, form_code, from_codelist, only_value, form_ignore, form_pack, multi_lang, choice, is_atrib) VALUES (1390, 'level', 'scpLvl', 0, 'T', NULL, 0, 0, 0, 0, NULL, 0);
INSERT INTO elements (el_id, el_name, el_short_name, md_standard, form_code, from_codelist, only_value, form_ignore, form_pack, multi_lang, choice, is_atrib) VALUES (1410, 'levelDescription', 'scpLvlDesc', 0, 'T', NULL, 0, 0, 0, 0, NULL, 0);
INSERT INTO elements (el_id, el_name, el_short_name, md_standard, form_code, from_codelist, only_value, form_ignore, form_pack, multi_lang, choice, is_atrib) VALUES (3390, 'EX_GeographicExtent', 'GeoExtent', 0, 'T', NULL, 0, 0, 0, 0, NULL, 0);
INSERT INTO elements (el_id, el_name, el_short_name, md_standard, form_code, from_codelist, only_value, form_ignore, form_pack, multi_lang, choice, is_atrib) VALUES (3490, 'geographicIdentifier', 'geoId', 0, 'T', NULL, 0, 0, 0, 0, NULL, 0);
INSERT INTO elements (el_id, el_name, el_short_name, md_standard, form_code, from_codelist, only_value, form_ignore, form_pack, multi_lang, choice, is_atrib) VALUES (1780, 'geometricObjects', 'geometObjs', 0, 'T', NULL, 0, 0, 0, 0, NULL, 0);
INSERT INTO elements (el_id, el_name, el_short_name, md_standard, form_code, from_codelist, only_value, form_ignore, form_pack, multi_lang, choice, is_atrib) VALUES (620, 'MD_Usage', 'Usage', 0, 'T', NULL, 0, 1, 0, 0, NULL, 0);
INSERT INTO elements (el_id, el_name, el_short_name, md_standard, form_code, from_codelist, only_value, form_ignore, form_pack, multi_lang, choice, is_atrib) VALUES (1620, 'MD_Georectified', 'Georect', 0, 'T', NULL, 0, 0, 0, 0, NULL, 0);
INSERT INTO elements (el_id, el_name, el_short_name, md_standard, form_code, from_codelist, only_value, form_ignore, form_pack, multi_lang, choice, is_atrib) VALUES (1700, 'MD_Georeferenceable', 'Georef', 0, 'T', NULL, 0, 0, 0, 0, NULL, 0);
INSERT INTO elements (el_id, el_name, el_short_name, md_standard, form_code, from_codelist, only_value, form_ignore, form_pack, multi_lang, choice, is_atrib) VALUES (1740, 'georeferencedParameters', 'georefPars', 0, 'T', NULL, 0, 0, 0, 0, NULL, 0);
INSERT INTO elements (el_id, el_name, el_short_name, md_standard, form_code, from_codelist, only_value, form_ignore, form_pack, multi_lang, choice, is_atrib) VALUES (2240, 'heightOfProspectivePointAboveSurface', 'hgtProsPt', 0, 'T', NULL, 0, 0, 0, 0, NULL, 0);
INSERT INTO elements (el_id, el_name, el_short_name, md_standard, form_code, from_codelist, only_value, form_ignore, form_pack, multi_lang, choice, is_atrib) VALUES (1630, 'checkPointAvailability', 'chkPtAv', 0, 'T', NULL, 0, 0, 0, 0, NULL, 0);
INSERT INTO elements (el_id, el_name, el_short_name, md_standard, form_code, from_codelist, only_value, form_ignore, form_pack, multi_lang, choice, is_atrib) VALUES (1640, 'checkPointDescription', 'chkPtDesc', 0, 'T', NULL, 0, 0, 0, 0, NULL, 0);
INSERT INTO elements (el_id, el_name, el_short_name, md_standard, form_code, from_codelist, only_value, form_ignore, form_pack, multi_lang, choice, is_atrib) VALUES (2070, 'code', 'identCode', 0, 'T', NULL, 0, 0, 0, 0, NULL, 0);
INSERT INTO elements (el_id, el_name, el_short_name, md_standard, form_code, from_codelist, only_value, form_ignore, form_pack, multi_lang, choice, is_atrib) VALUES (2081, 'codeSpace', 'identCodeSpace', 0, 'T', NULL, 0, 0, 0, 0, NULL, 0);
INSERT INTO elements (el_id, el_name, el_short_name, md_standard, form_code, from_codelist, only_value, form_ignore, form_pack, multi_lang, choice, is_atrib) VALUES (950, 'sourceReferenceSystem', 'srcRefSys', 0, 'T', NULL, 0, 0, 0, 0, NULL, 0);
INSERT INTO elements (el_id, el_name, el_short_name, md_standard, form_code, from_codelist, only_value, form_ignore, form_pack, multi_lang, choice, is_atrib) VALUES (940, 'scaleDenominator', 'srcScale', 0, 'T', NULL, 0, 0, 0, 0, NULL, 0);
INSERT INTO elements (el_id, el_name, el_short_name, md_standard, form_code, from_codelist, only_value, form_ignore, form_pack, multi_lang, choice, is_atrib) VALUES (2170, 'standardParallel', 'stanParal', 0, 'T', NULL, 0, 0, 0, 0, NULL, 0);
INSERT INTO elements (el_id, el_name, el_short_name, md_standard, form_code, from_codelist, only_value, form_ignore, form_pack, multi_lang, choice, is_atrib) VALUES (2650, 'toneGradation', 'toneGrad', 0, 'T', NULL, 0, 0, 0, 0, NULL, 0);
INSERT INTO elements (el_id, el_name, el_short_name, md_standard, form_code, from_codelist, only_value, form_ignore, form_pack, multi_lang, choice, is_atrib) VALUES (1680, 'transformationDimensionDescription', 'transDimDesc', 0, 'T', NULL, 0, 0, 0, 0, NULL, 0);
INSERT INTO elements (el_id, el_name, el_short_name, md_standard, form_code, from_codelist, only_value, form_ignore, form_pack, multi_lang, choice, is_atrib) VALUES (1690, 'transformationDimensionMapping', 'transDimMap', 0, 'T', NULL, 0, 0, 0, 0, NULL, 0);
INSERT INTO elements (el_id, el_name, el_short_name, md_standard, form_code, from_codelist, only_value, form_ignore, form_pack, multi_lang, choice, is_atrib) VALUES (3760, 'organisationName', 'rpOrgName', 0, 'T', NULL, 0, 0, 0, 1, NULL, 0);
INSERT INTO elements (el_id, el_name, el_short_name, md_standard, form_code, from_codelist, only_value, form_ignore, form_pack, multi_lang, choice, is_atrib) VALUES (2750, 'unitsOfDistribution', 'unitsODist', 0, 'T', NULL, 0, 0, 0, 0, NULL, 0);
INSERT INTO elements (el_id, el_name, el_short_name, md_standard, form_code, from_codelist, only_value, form_ignore, form_pack, multi_lang, choice, is_atrib) VALUES (640, 'usageDateTime', 'usageDate', 0, 'T', NULL, 0, 0, 0, 0, NULL, 0);
INSERT INTO elements (el_id, el_name, el_short_name, md_standard, form_code, from_codelist, only_value, form_ignore, form_pack, multi_lang, choice, is_atrib) VALUES (710, 'useConstraints', 'useConsts', 0, 'T', NULL, 0, 0, 0, 0, NULL, 0);
INSERT INTO elements (el_id, el_name, el_short_name, md_standard, form_code, from_codelist, only_value, form_ignore, form_pack, multi_lang, choice, is_atrib) VALUES (750, 'userNote', 'userNote', 0, 'T', NULL, 0, 0, 0, 0, NULL, 0);
INSERT INTO elements (el_id, el_name, el_short_name, md_standard, form_code, from_codelist, only_value, form_ignore, form_pack, multi_lang, choice, is_atrib) VALUES (660, 'userContactInfo', 'usrCntInfo', 0, 'T', NULL, 0, 0, 0, 0, NULL, 0);
INSERT INTO elements (el_id, el_name, el_short_name, md_standard, form_code, from_codelist, only_value, form_ignore, form_pack, multi_lang, choice, is_atrib) VALUES (2620, 'units', 'valUnit', 0, 'T', NULL, 0, 0, 0, 0, NULL, 0);
INSERT INTO elements (el_id, el_name, el_short_name, md_standard, form_code, from_codelist, only_value, form_ignore, form_pack, multi_lang, choice, is_atrib) VALUES (3540, 'EX_VerticalExtent', 'VertExtent', 0, 'T', NULL, 0, 0, 0, 0, NULL, 0);
INSERT INTO elements (el_id, el_name, el_short_name, md_standard, form_code, from_codelist, only_value, form_ignore, form_pack, multi_lang, choice, is_atrib) VALUES (4080, 'voice', 'voiceNum', 0, 'T', NULL, 0, 0, 0, 0, NULL, 0);
INSERT INTO elements (el_id, el_name, el_short_name, md_standard, form_code, from_codelist, only_value, form_ignore, form_pack, multi_lang, choice, is_atrib) VALUES (2160, 'zone', 'zone', 0, 'T', NULL, 0, 0, 0, 0, NULL, 0);
INSERT INTO elements (el_id, el_name, el_short_name, md_standard, form_code, from_codelist, only_value, form_ignore, form_pack, multi_lang, choice, is_atrib) VALUES (2760, 'transferSize', 'transSize', 0, 'N', NULL, 0, 0, 0, 0, NULL, 0);
INSERT INTO elements (el_id, el_name, el_short_name, md_standard, form_code, from_codelist, only_value, form_ignore, form_pack, multi_lang, choice, is_atrib) VALUES (10, 'MD_Metadata', 'Metadata', 0, 'T', NULL, 0, 0, 0, 0, NULL, 0);
INSERT INTO elements (el_id, el_name, el_short_name, md_standard, form_code, from_codelist, only_value, form_ignore, form_pack, multi_lang, choice, is_atrib) VALUES (2770, 'onLine', 'onLineSrc', 0, 'T', NULL, 0, 0, 0, 0, NULL, 0);
INSERT INTO elements (el_id, el_name, el_short_name, md_standard, form_code, from_codelist, only_value, form_ignore, form_pack, multi_lang, choice, is_atrib) VALUES (10000, 'metadata', '', 1, 'T', NULL, 0, 0, 0, 0, NULL, 0);
INSERT INTO elements (el_id, el_name, el_short_name, md_standard, form_code, from_codelist, only_value, form_ignore, form_pack, multi_lang, choice, is_atrib) VALUES (3620, 'date', 'resRefDate', 0, 'T', NULL, 0, 0, 0, 0, NULL, 0);
INSERT INTO elements (el_id, el_name, el_short_name, md_standard, form_code, from_codelist, only_value, form_ignore, form_pack, multi_lang, choice, is_atrib) VALUES (3680, 'presentationForm', 'presForm', 0, 'T', NULL, 0, 0, 0, 0, NULL, 0);
INSERT INTO elements (el_id, el_name, el_short_name, md_standard, form_code, from_codelist, only_value, form_ignore, form_pack, multi_lang, choice, is_atrib) VALUES (4020, 'function', 'orFunct', 0, 'T', NULL, 0, 0, 0, 0, NULL, 0);
INSERT INTO elements (el_id, el_name, el_short_name, md_standard, form_code, from_codelist, only_value, form_ignore, form_pack, multi_lang, choice, is_atrib) VALUES (280, 'status', 'idStatus', 0, 'T', NULL, 0, 0, 0, 0, NULL, 0);
INSERT INTO elements (el_id, el_name, el_short_name, md_standard, form_code, from_codelist, only_value, form_ignore, form_pack, multi_lang, choice, is_atrib) VALUES (2580, 'descriptor', 'dimDescrp', 0, 'T', NULL, 0, 0, 0, 0, NULL, 0);
INSERT INTO elements (el_id, el_name, el_short_name, md_standard, form_code, from_codelist, only_value, form_ignore, form_pack, multi_lang, choice, is_atrib) VALUES (2510, 'triangulationIndicator', 'trianInd', 0, 'C', 1, 0, 0, 0, 0, NULL, 0);
INSERT INTO elements (el_id, el_name, el_short_name, md_standard, form_code, from_codelist, only_value, form_ignore, form_pack, multi_lang, choice, is_atrib) VALUES (2010, 'MD_EllipsoidParameters', 'EllParas', 0, 'T', NULL, 0, 0, 0, 0, NULL, 0);
INSERT INTO elements (el_id, el_name, el_short_name, md_standard, form_code, from_codelist, only_value, form_ignore, form_pack, multi_lang, choice, is_atrib) VALUES (440, 'environmentDescription', 'envirDesc', 0, 'T', NULL, 0, 0, 0, 0, NULL, 0);
INSERT INTO elements (el_id, el_name, el_short_name, md_standard, form_code, from_codelist, only_value, form_ignore, form_pack, multi_lang, choice, is_atrib) VALUES (2520, 'radiometricCalibrationDataAvailability', 'radCalDatAv', 0, 'C', 1, 0, 0, 0, 0, NULL, 0);
INSERT INTO elements (el_id, el_name, el_short_name, md_standard, form_code, from_codelist, only_value, form_ignore, form_pack, multi_lang, choice, is_atrib) VALUES (2530, 'cameraCalibrationInformationAvailability', 'camCalInAv', 0, 'C', 1, 0, 0, 0, 0, NULL, 0);
INSERT INTO elements (el_id, el_name, el_short_name, md_standard, form_code, from_codelist, only_value, form_ignore, form_pack, multi_lang, choice, is_atrib) VALUES (2540, 'filmDistortionInformationAvailability', 'filmDistInAv', 0, 'C', 1, 0, 0, 0, 0, NULL, 0);
INSERT INTO elements (el_id, el_name, el_short_name, md_standard, form_code, from_codelist, only_value, form_ignore, form_pack, multi_lang, choice, is_atrib) VALUES (2080, 'RS_Identifier', 'RsIdent', 0, 'T', NULL, 0, 1, 0, 0, NULL, 0);
INSERT INTO elements (el_id, el_name, el_short_name, md_standard, form_code, from_codelist, only_value, form_ignore, form_pack, multi_lang, choice, is_atrib) VALUES (2550, 'lensDistortionInformationAvailability', 'lensDistInAv', 0, 'C', 1, 0, 0, 0, 0, NULL, 0);
INSERT INTO elements (el_id, el_name, el_short_name, md_standard, form_code, from_codelist, only_value, form_ignore, form_pack, multi_lang, choice, is_atrib) VALUES (3570, 'unitOfMeasure', 'vertUoM', 0, 'C', NULL, 0, 0, 0, 0, NULL, 0);
INSERT INTO elements (el_id, el_name, el_short_name, md_standard, form_code, from_codelist, only_value, form_ignore, form_pack, multi_lang, choice, is_atrib) VALUES (2090, 'MD_ObliqueLineAzimuth', 'ObLineAzi', 0, 'T', NULL, 0, 0, 0, 0, NULL, 0);
INSERT INTO elements (el_id, el_name, el_short_name, md_standard, form_code, from_codelist, only_value, form_ignore, form_pack, multi_lang, choice, is_atrib) VALUES (2130, 'obliqueLineLatitude', 'obLineLat', 0, 'T', NULL, 0, 0, 0, 0, NULL, 0);
INSERT INTO elements (el_id, el_name, el_short_name, md_standard, form_code, from_codelist, only_value, form_ignore, form_pack, multi_lang, choice, is_atrib) VALUES (2140, 'obliqueLineLongitude', 'obLineLong', 0, 'T', NULL, 0, 0, 0, 0, NULL, 0);
INSERT INTO elements (el_id, el_name, el_short_name, md_standard, form_code, from_codelist, only_value, form_ignore, form_pack, multi_lang, choice, is_atrib) VALUES (2120, 'MD_ObliqueLinePoint', 'ObLinePt', 0, 'T', NULL, 0, 0, 0, 0, NULL, 0);
INSERT INTO elements (el_id, el_name, el_short_name, md_standard, form_code, from_codelist, only_value, form_ignore, form_pack, multi_lang, choice, is_atrib) VALUES (2780, 'offLine', 'offLineMed', 0, 'T', NULL, 0, 0, 0, 0, NULL, 0);
INSERT INTO elements (el_id, el_name, el_short_name, md_standard, form_code, from_codelist, only_value, form_ignore, form_pack, multi_lang, choice, is_atrib) VALUES (2670, 'offset', 'offset', 0, 'T', NULL, 0, 0, 0, 0, NULL, 0);
INSERT INTO elements (el_id, el_name, el_short_name, md_standard, form_code, from_codelist, only_value, form_ignore, form_pack, multi_lang, choice, is_atrib) VALUES (540, 'type', 'keyTyp', 0, 'T', NULL, 0, 0, 0, 0, NULL, 0);
INSERT INTO elements (el_id, el_name, el_short_name, md_standard, form_code, from_codelist, only_value, form_ignore, form_pack, multi_lang, choice, is_atrib) VALUES (480, 'MD_BrowseGraphic', 'BrowGraph', 0, 'T', NULL, 0, 1, 0, 0, NULL, 0);
INSERT INTO elements (el_id, el_name, el_short_name, md_standard, form_code, from_codelist, only_value, form_ignore, form_pack, multi_lang, choice, is_atrib) VALUES (1720, 'orientationParameterAvailability', 'orieParaAv', 0, 'T', NULL, 0, 0, 0, 0, NULL, 0);
INSERT INTO elements (el_id, el_name, el_short_name, md_standard, form_code, from_codelist, only_value, form_ignore, form_pack, multi_lang, choice, is_atrib) VALUES (1730, 'orientationParameterDescription', 'orieParaDs', 0, 'T', NULL, 0, 0, 0, 0, NULL, 0);
INSERT INTO elements (el_id, el_name, el_short_name, md_standard, form_code, from_codelist, only_value, form_ignore, form_pack, multi_lang, choice, is_atrib) VALUES (4000, 'name', 'orName', 0, 'T', NULL, 0, 0, 0, 0, NULL, 0);
INSERT INTO elements (el_id, el_name, el_short_name, md_standard, form_code, from_codelist, only_value, form_ignore, form_pack, multi_lang, choice, is_atrib) VALUES (1550, 'other', 'other', 0, 'T', NULL, 0, 0, 0, 0, NULL, 0);
INSERT INTO elements (el_id, el_name, el_short_name, md_standard, form_code, from_codelist, only_value, form_ignore, form_pack, multi_lang, choice, is_atrib) VALUES (3240, 'schemaAscii', 'asAscii', 0, 'T', NULL, 0, 0, 0, 0, NULL, 0);
INSERT INTO elements (el_id, el_name, el_short_name, md_standard, form_code, from_codelist, only_value, form_ignore, form_pack, multi_lang, choice, is_atrib) VALUES (3230, 'constraintLanguage', 'asCstLang', 0, 'T', NULL, 0, 0, 0, 0, NULL, 0);
INSERT INTO elements (el_id, el_name, el_short_name, md_standard, form_code, from_codelist, only_value, form_ignore, form_pack, multi_lang, choice, is_atrib) VALUES (3220, 'schemaLanguage', 'asSchLang', 0, 'T', NULL, 0, 0, 0, 0, NULL, 0);
INSERT INTO elements (el_id, el_name, el_short_name, md_standard, form_code, from_codelist, only_value, form_ignore, form_pack, multi_lang, choice, is_atrib) VALUES (664, 'associationType', 'assocType', 0, 'T', NULL, 0, 0, 0, 0, NULL, 0);
INSERT INTO elements (el_id, el_name, el_short_name, md_standard, form_code, from_codelist, only_value, form_ignore, form_pack, multi_lang, choice, is_atrib) VALUES (3270, 'softwareDevelopmentFileFormat', 'asSwDevFiFt', 0, 'T', NULL, 0, 0, 0, 0, NULL, 0);
INSERT INTO elements (el_id, el_name, el_short_name, md_standard, form_code, from_codelist, only_value, form_ignore, form_pack, multi_lang, choice, is_atrib) VALUES (1530, 'attributeInstances', 'attribIntSet', 0, 'T', NULL, 0, 0, 0, 0, NULL, 0);
INSERT INTO elements (el_id, el_name, el_short_name, md_standard, form_code, from_codelist, only_value, form_ignore, form_pack, multi_lang, choice, is_atrib) VALUES (1500, 'attributes', 'attribSet', 0, 'T', NULL, 0, 0, 0, 0, NULL, 0);
INSERT INTO elements (el_id, el_name, el_short_name, md_standard, form_code, from_codelist, only_value, form_ignore, form_pack, multi_lang, choice, is_atrib) VALUES (2030, 'axisUnits', 'axisUnits', 0, 'T', NULL, 0, 0, 0, 0, NULL, 0);
INSERT INTO elements (el_id, el_name, el_short_name, md_standard, form_code, from_codelist, only_value, form_ignore, form_pack, multi_lang, choice, is_atrib) VALUES (2100, 'azimuthAngle', 'aziAngle', 0, 'T', NULL, 0, 0, 0, 0, NULL, 0);
INSERT INTO elements (el_id, el_name, el_short_name, md_standard, form_code, from_codelist, only_value, form_ignore, form_pack, multi_lang, choice, is_atrib) VALUES (2110, 'azimuthMeasurePointLongitude', 'aziPtLong', 0, 'T', NULL, 0, 0, 0, 0, NULL, 0);
INSERT INTO elements (el_id, el_name, el_short_name, md_standard, form_code, from_codelist, only_value, form_ignore, form_pack, multi_lang, choice, is_atrib) VALUES (2590, 'MD_Band', 'Band', 0, 'T', NULL, 0, 0, 0, 0, NULL, 0);
INSERT INTO elements (el_id, el_name, el_short_name, md_standard, form_code, from_codelist, only_value, form_ignore, form_pack, multi_lang, choice, is_atrib) VALUES (490, 'fileName', 'bgFileName', 0, 'T', NULL, 0, 0, 0, 0, NULL, 0);
INSERT INTO elements (el_id, el_name, el_short_name, md_standard, form_code, from_codelist, only_value, form_ignore, form_pack, multi_lang, choice, is_atrib) VALUES (510, 'fileType', 'bgFileType', 0, 'T', NULL, 0, 0, 0, 0, NULL, 0);
INSERT INTO elements (el_id, el_name, el_short_name, md_standard, form_code, from_codelist, only_value, form_ignore, form_pack, multi_lang, choice, is_atrib) VALUES (2640, 'bitsPerValue', 'bitsPerVal', 0, 'T', NULL, 0, 0, 0, 0, NULL, 0);
INSERT INTO elements (el_id, el_name, el_short_name, md_standard, form_code, from_codelist, only_value, form_ignore, form_pack, multi_lang, choice, is_atrib) VALUES (2370, 'featureTypes', 'catFetTyps', 0, 'T', NULL, 0, 0, 0, 0, NULL, 0);
INSERT INTO elements (el_id, el_name, el_short_name, md_standard, form_code, from_codelist, only_value, form_ignore, form_pack, multi_lang, choice, is_atrib) VALUES (2350, 'language', 'catLang', 0, 'T', NULL, 0, 0, 0, 0, NULL, 0);
INSERT INTO elements (el_id, el_name, el_short_name, md_standard, form_code, from_codelist, only_value, form_ignore, form_pack, multi_lang, choice, is_atrib) VALUES (1660, 'centerPoint', 'centerPt', 0, 'T', NULL, 0, 0, 0, 0, NULL, 0);
INSERT INTO elements (el_id, el_name, el_short_name, md_standard, form_code, from_codelist, only_value, form_ignore, form_pack, multi_lang, choice, is_atrib) VALUES (3960, 'CI_OnlineResource', 'OnlineRes', 0, 'T', NULL, 0, 1, 0, 0, NULL, 0);
INSERT INTO elements (el_id, el_name, el_short_name, md_standard, form_code, from_codelist, only_value, form_ignore, form_pack, multi_lang, choice, is_atrib) VALUES (3650, 'identifier', 'citId', 0, 'T', NULL, 0, 0, 0, 0, NULL, 0);
INSERT INTO elements (el_id, el_name, el_short_name, md_standard, form_code, from_codelist, only_value, form_ignore, form_pack, multi_lang, choice, is_atrib) VALUES (740, 'classification', 'class', 0, 'T', NULL, 0, 0, 0, 0, NULL, 0);
INSERT INTO elements (el_id, el_name, el_short_name, md_standard, form_code, from_codelist, only_value, form_ignore, form_pack, multi_lang, choice, is_atrib) VALUES (760, 'classificationSystem', 'classSys', 0, 'T', NULL, 0, 0, 0, 0, NULL, 0);
INSERT INTO elements (el_id, el_name, el_short_name, md_standard, form_code, from_codelist, only_value, form_ignore, form_pack, multi_lang, choice, is_atrib) VALUES (3890, 'address', 'cntAddress', 0, 'T', NULL, 0, 0, 0, 0, NULL, 0);
INSERT INTO elements (el_id, el_name, el_short_name, md_standard, form_code, from_codelist, only_value, form_ignore, form_pack, multi_lang, choice, is_atrib) VALUES (3910, 'hoursOfService', 'cntHours', 0, 'T', NULL, 0, 0, 0, 0, NULL, 0);
INSERT INTO elements (el_id, el_name, el_short_name, md_standard, form_code, from_codelist, only_value, form_ignore, form_pack, multi_lang, choice, is_atrib) VALUES (3900, 'onlineResource', 'cntOnlineRes', 0, 'T', NULL, 0, 0, 0, 0, NULL, 0);
INSERT INTO elements (el_id, el_name, el_short_name, md_standard, form_code, from_codelist, only_value, form_ignore, form_pack, multi_lang, choice, is_atrib) VALUES (3880, 'phone', 'cntPhone', 0, 'T', NULL, 0, 0, 0, 0, NULL, 0);
INSERT INTO elements (el_id, el_name, el_short_name, md_standard, form_code, from_codelist, only_value, form_ignore, form_pack, multi_lang, choice, is_atrib) VALUES (3710, 'collectiveTitle', 'collTitle', 0, 'T', NULL, 0, 0, 0, 0, NULL, 0);
INSERT INTO elements (el_id, el_name, el_short_name, md_standard, form_code, from_codelist, only_value, form_ignore, form_pack, multi_lang, choice, is_atrib) VALUES (1300, 'specification', 'conSpec', 0, 'T', NULL, 0, 0, 0, 0, NULL, 0);
INSERT INTO elements (el_id, el_name, el_short_name, md_standard, form_code, from_codelist, only_value, form_ignore, form_pack, multi_lang, choice, is_atrib) VALUES (2320, 'MD_ContentInformation', 'ContInfo', 0, 'T', NULL, 0, 0, 0, 0, NULL, 0);
INSERT INTO elements (el_id, el_name, el_short_name, md_standard, form_code, from_codelist, only_value, form_ignore, form_pack, multi_lang, choice, is_atrib) VALUES (1650, 'cornerPoints', 'cornerPts', 0, 'T', NULL, 0, 0, 0, 0, NULL, 0);
INSERT INTO elements (el_id, el_name, el_short_name, md_standard, form_code, from_codelist, only_value, form_ignore, form_pack, multi_lang, choice, is_atrib) VALUES (3850, 'country', 'country', 0, 'T', NULL, 0, 0, 0, 0, NULL, 0);
INSERT INTO elements (el_id, el_name, el_short_name, md_standard, form_code, from_codelist, only_value, form_ignore, form_pack, multi_lang, choice, is_atrib) VALUES (1710, 'controlPointAvailability', 'ctrlPtAv', 0, 'T', NULL, 0, 0, 0, 0, NULL, 0);
INSERT INTO elements (el_id, el_name, el_short_name, md_standard, form_code, from_codelist, only_value, form_ignore, form_pack, multi_lang, choice, is_atrib) VALUES (3690, 'series', 'datasetSeries', 0, 'T', NULL, 0, 0, 0, 0, NULL, 0);
INSERT INTO elements (el_id, el_name, el_short_name, md_standard, form_code, from_codelist, only_value, form_ignore, form_pack, multi_lang, choice, is_atrib) VALUES (4030, 'CI_Series', 'DatasetSeries', 0, 'T', NULL, 0, 0, 0, 0, NULL, 0);
INSERT INTO elements (el_id, el_name, el_short_name, md_standard, form_code, from_codelist, only_value, form_ignore, form_pack, multi_lang, choice, is_atrib) VALUES (111, 'dataSetURI', 'dataSetURI', 0, 'T', NULL, 0, 0, 0, 0, NULL, 0);
INSERT INTO elements (el_id, el_name, el_short_name, md_standard, form_code, from_codelist, only_value, form_ignore, form_pack, multi_lang, choice, is_atrib) VALUES (662, 'aggregateDataSetName', 'aggrDSName', 0, 'T', NULL, 0, 0, 0, 0, NULL, 0);
INSERT INTO elements (el_id, el_name, el_short_name, md_standard, form_code, from_codelist, only_value, form_ignore, form_pack, multi_lang, choice, is_atrib) VALUES (661, 'MD_AggregateInformation', 'AggregateInfo', 0, 'T', NULL, 0, 0, 0, 0, NULL, 0);
INSERT INTO elements (el_id, el_name, el_short_name, md_standard, form_code, from_codelist, only_value, form_ignore, form_pack, multi_lang, choice, is_atrib) VALUES (3590, 'CI_Citation', 'Citation', 0, 'T', NULL, 0, 1, 0, 0, NULL, 0);
INSERT INTO elements (el_id, el_name, el_short_name, md_standard, form_code, from_codelist, only_value, form_ignore, form_pack, multi_lang, choice, is_atrib) VALUES (2340, 'complianceCode', 'compCode', 0, 'C', 1, 0, 0, 0, 0, NULL, 0);
INSERT INTO elements (el_id, el_name, el_short_name, md_standard, form_code, from_codelist, only_value, form_ignore, form_pack, multi_lang, choice, is_atrib) VALUES (2020, 'semiMajorAxis', 'semiMajAx', 0, 'T', NULL, 0, 0, 0, 0, NULL, 0);
INSERT INTO elements (el_id, el_name, el_short_name, md_standard, form_code, from_codelist, only_value, form_ignore, form_pack, multi_lang, choice, is_atrib) VALUES (2570, 'sequenceIdentifier', 'seqID', 0, 'T', NULL, 0, 0, 0, 0, NULL, 0);
INSERT INTO elements (el_id, el_name, el_short_name, md_standard, form_code, from_codelist, only_value, form_ignore, form_pack, multi_lang, choice, is_atrib) VALUES (281, 'MD_ProgressCode', 'MD_ProgressCode_CodeList', 0, 'C', 280, 1, 0, 0, 0, NULL, 0);
INSERT INTO elements (el_id, el_name, el_short_name, md_standard, form_code, from_codelist, only_value, form_ignore, form_pack, multi_lang, choice, is_atrib) VALUES (4040, 'name', 'seriesName', 0, 'T', NULL, 0, 0, 0, 0, NULL, 0);
INSERT INTO elements (el_id, el_name, el_short_name, md_standard, form_code, from_codelist, only_value, form_ignore, form_pack, multi_lang, choice, is_atrib) VALUES (1560, 'MD_SpatialRepresentation', 'SpatRep', 0, 'T', NULL, 0, 0, 0, 0, NULL, 0);
INSERT INTO elements (el_id, el_name, el_short_name, md_standard, form_code, from_codelist, only_value, form_ignore, form_pack, multi_lang, choice, is_atrib) VALUES (3520, 'EX_SpatialTemporalExtent', 'SpatTempEx', 0, 'T', NULL, 0, 0, 0, 0, NULL, 0);
INSERT INTO elements (el_id, el_name, el_short_name, md_standard, form_code, from_codelist, only_value, form_ignore, form_pack, multi_lang, choice, is_atrib) VALUES (2480, 'cloudCoverPercentage', 'cloudCovPer', 0, 'N', NULL, 0, 0, 0, 0, NULL, 0);
INSERT INTO elements (el_id, el_name, el_short_name, md_standard, form_code, from_codelist, only_value, form_ignore, form_pack, multi_lang, choice, is_atrib) VALUES (371, 'MD_SpatialRepresentationTypeCode', 'MD_SpatialRepresentationTypeCode_CodeList', 0, 'C', 370, 1, 0, 0, 0, NULL, 0);
INSERT INTO elements (el_id, el_name, el_short_name, md_standard, form_code, from_codelist, only_value, form_ignore, form_pack, multi_lang, choice, is_atrib) VALUES (2460, 'imagingCondition', 'imagCond', 0, 'T', NULL, 0, 0, 0, 0, NULL, 0);
INSERT INTO elements (el_id, el_name, el_short_name, md_standard, form_code, from_codelist, only_value, form_ignore, form_pack, multi_lang, choice, is_atrib) VALUES (401, 'MD_CharacterSetCode', 'MD_CharacterSetCode_CodeList', 0, 'C', 400, 1, 0, 0, 0, NULL, 0);
INSERT INTO elements (el_id, el_name, el_short_name, md_standard, form_code, from_codelist, only_value, form_ignore, form_pack, multi_lang, choice, is_atrib) VALUES (2462, 'MD_ImagingConditionCode_DomainCodes', 'MD_ImagingConditionCode_DomainCodes', 0, 'T', NULL, 0, 1, 0, 0, NULL, 0);
INSERT INTO elements (el_id, el_name, el_short_name, md_standard, form_code, from_codelist, only_value, form_ignore, form_pack, multi_lang, choice, is_atrib) VALUES (3990, 'applicationProfile', 'appProfile', 0, 'T', NULL, 0, 0, 0, 0, NULL, 0);
INSERT INTO elements (el_id, el_name, el_short_name, md_standard, form_code, from_codelist, only_value, form_ignore, form_pack, multi_lang, choice, is_atrib) VALUES (1540, 'dataset', 'datasetSet', 0, 'T', NULL, 0, 0, 0, 0, NULL, 0);
INSERT INTO elements (el_id, el_name, el_short_name, md_standard, form_code, from_codelist, only_value, form_ignore, form_pack, multi_lang, choice, is_atrib) VALUES (2700, 'MD_Distribution', 'Distrib', 0, 'T', NULL, 0, 1, 0, 0, NULL, 0);
INSERT INTO elements (el_id, el_name, el_short_name, md_standard, form_code, from_codelist, only_value, form_ignore, form_pack, multi_lang, choice, is_atrib) VALUES (1920, 'datum', 'datum', 0, 'T', NULL, 0, 0, 0, 0, NULL, 0);
INSERT INTO elements (el_id, el_name, el_short_name, md_standard, form_code, from_codelist, only_value, form_ignore, form_pack, multi_lang, choice, is_atrib) VALUES (3810, 'deliveryPoint', 'delPoint', 0, 'T', NULL, 0, 0, 0, 0, NULL, 0);
INSERT INTO elements (el_id, el_name, el_short_name, md_standard, form_code, from_codelist, only_value, form_ignore, form_pack, multi_lang, choice, is_atrib) VALUES (2040, 'denominatorOfFlatteningRatio', 'denFlatRat', 0, 'T', NULL, 0, 0, 0, 0, NULL, 0);
INSERT INTO elements (el_id, el_name, el_short_name, md_standard, form_code, from_codelist, only_value, form_ignore, form_pack, multi_lang, choice, is_atrib) VALUES (2150, 'MD_ProjectionParameters', 'ProjParas', 0, 'T', NULL, 0, 0, 0, 0, NULL, 0);
INSERT INTO elements (el_id, el_name, el_short_name, md_standard, form_code, from_codelist, only_value, form_ignore, form_pack, multi_lang, choice, is_atrib) VALUES (20000, 'featureCatalogue', '', 2, 'T', NULL, 0, 0, 0, 0, NULL, 0);
INSERT INTO elements (el_id, el_name, el_short_name, md_standard, form_code, from_codelist, only_value, form_ignore, form_pack, multi_lang, choice, is_atrib) VALUES (1790, 'MD_Dimension', 'Dimen', 0, 'T', NULL, 0, 0, 0, 0, NULL, 0);
INSERT INTO elements (el_id, el_name, el_short_name, md_standard, form_code, from_codelist, only_value, form_ignore, form_pack, multi_lang, choice, is_atrib) VALUES (1820, 'resolution', 'dimResol', 0, 'T', NULL, 0, 0, 0, 0, NULL, 0);
INSERT INTO elements (el_id, el_name, el_short_name, md_standard, form_code, from_codelist, only_value, form_ignore, form_pack, multi_lang, choice, is_atrib) VALUES (2740, 'MD_DigitalTransferOptions', 'DigTranOps', 0, 'T', NULL, 0, 1, 0, 0, NULL, 0);
INSERT INTO elements (el_id, el_name, el_short_name, md_standard, form_code, from_codelist, only_value, form_ignore, form_pack, multi_lang, choice, is_atrib) VALUES (1380, 'DQ_Scope', 'DQScope', 0, 'T', NULL, 0, 1, 0, 0, NULL, 0);
INSERT INTO elements (el_id, el_name, el_short_name, md_standard, form_code, from_codelist, only_value, form_ignore, form_pack, multi_lang, choice, is_atrib) VALUES (1970, 'domainOfValidity', 'domOValid', 0, 'T', NULL, 0, 0, 0, 0, NULL, 0);
INSERT INTO elements (el_id, el_name, el_short_name, md_standard, form_code, from_codelist, only_value, form_ignore, form_pack, multi_lang, choice, is_atrib) VALUES (1080, 'DQ_Completeness', 'DQComplete', 0, 'T', NULL, 0, 0, 0, 0, NULL, 0);
INSERT INTO elements (el_id, el_name, el_short_name, md_standard, form_code, from_codelist, only_value, form_ignore, form_pack, multi_lang, choice, is_atrib) VALUES (1110, 'DQ_LogicalConsistency', 'DQLogConsis', 0, 'T', NULL, 0, 0, 0, 0, NULL, 0);
INSERT INTO elements (el_id, el_name, el_short_name, md_standard, form_code, from_codelist, only_value, form_ignore, form_pack, multi_lang, choice, is_atrib) VALUES (1160, 'DQ_PositionalAccuracy', 'DQPosAcc', 0, 'T', NULL, 0, 0, 0, 0, NULL, 0);
INSERT INTO elements (el_id, el_name, el_short_name, md_standard, form_code, from_codelist, only_value, form_ignore, form_pack, multi_lang, choice, is_atrib) VALUES (1200, 'DQ_TemporalAccuracy', 'DQTempAcc', 0, 'T', NULL, 0, 0, 0, 0, NULL, 0);
INSERT INTO elements (el_id, el_name, el_short_name, md_standard, form_code, from_codelist, only_value, form_ignore, form_pack, multi_lang, choice, is_atrib) VALUES (1240, 'DQ_ThematicAccuracy', 'DQThemAcc', 0, 'T', NULL, 0, 0, 0, 0, NULL, 0);
INSERT INTO elements (el_id, el_name, el_short_name, md_standard, form_code, from_codelist, only_value, form_ignore, form_pack, multi_lang, choice, is_atrib) VALUES (3130, 'dataType', 'eleDataType', 0, 'T', NULL, 0, 0, 0, 0, NULL, 0);
INSERT INTO elements (el_id, el_name, el_short_name, md_standard, form_code, from_codelist, only_value, form_ignore, form_pack, multi_lang, choice, is_atrib) VALUES (1910, 'ellipsoid', 'ellipsoid', 0, 'T', NULL, 0, 0, 0, 0, NULL, 0);
INSERT INTO elements (el_id, el_name, el_short_name, md_standard, form_code, from_codelist, only_value, form_ignore, form_pack, multi_lang, choice, is_atrib) VALUES (3200, 'MD_ApplicationSchemaInformation', 'AppSchInfo', 0, 'T', NULL, 0, 1, 0, 0, NULL, 0);
INSERT INTO elements (el_id, el_name, el_short_name, md_standard, form_code, from_codelist, only_value, form_ignore, form_pack, multi_lang, choice, is_atrib) VALUES (3830, 'administrativeArea', 'adminArea', 0, 'T', NULL, 0, 0, 0, 0, NULL, 0);
INSERT INTO elements (el_id, el_name, el_short_name, md_standard, form_code, from_codelist, only_value, form_ignore, form_pack, multi_lang, choice, is_atrib) VALUES (663, 'aggregateDataSetIdentifier', 'aggrDSIdent', 0, 'T', NULL, 0, 0, 0, 0, NULL, 0);
INSERT INTO elements (el_id, el_name, el_short_name, md_standard, form_code, from_codelist, only_value, form_ignore, form_pack, multi_lang, choice, is_atrib) VALUES (1420, 'metadataMaintenance', 'MaintInfo', 0, 'T', NULL, 0, 0, 0, 0, NULL, 0);
INSERT INTO elements (el_id, el_name, el_short_name, md_standard, form_code, from_codelist, only_value, form_ignore, form_pack, multi_lang, choice, is_atrib) VALUES (3261, 'binaryBase64', '', 0, 'T', NULL, 0, 0, 0, 0, NULL, 0);
INSERT INTO elements (el_id, el_name, el_short_name, md_standard, form_code, from_codelist, only_value, form_ignore, form_pack, multi_lang, choice, is_atrib) VALUES (3262, 'binaryHex', '', 0, 'T', NULL, 0, 0, 0, 0, NULL, 0);
INSERT INTO elements (el_id, el_name, el_short_name, md_standard, form_code, from_codelist, only_value, form_ignore, form_pack, multi_lang, choice, is_atrib) VALUES (1470, 'updateScopeDescription', 'upScpDesc', 0, 'T', NULL, 0, 0, 0, 0, NULL, 0);
INSERT INTO elements (el_id, el_name, el_short_name, md_standard, form_code, from_codelist, only_value, form_ignore, form_pack, multi_lang, choice, is_atrib) VALUES (1802, 'MD_DimensionNameTypeCode_DomainCodes', 'MD_DimensionNameTypeCode_DomainCodes', 0, 'T', NULL, 0, 1, 0, 0, NULL, 0);
INSERT INTO elements (el_id, el_name, el_short_name, md_standard, form_code, from_codelist, only_value, form_ignore, form_pack, multi_lang, choice, is_atrib) VALUES (411, 'MD_TopicCategoryCode', 'MD_TopicCategoryCode_CodeList', 0, 'C', 410, 1, 0, 0, 0, NULL, 0);
INSERT INTO elements (el_id, el_name, el_short_name, md_standard, form_code, from_codelist, only_value, form_ignore, form_pack, multi_lang, choice, is_atrib) VALUES (1602, 'MD_CellGeometryCode_DomainCodes', 'MD_CellGeometryCode_DomainCodes', 0, 'T', NULL, 0, 1, 0, 0, NULL, 0);
INSERT INTO elements (el_id, el_name, el_short_name, md_standard, form_code, from_codelist, only_value, form_ignore, form_pack, multi_lang, choice, is_atrib) VALUES (541, 'MD_KeywordTypeCode', 'MD_KeywordTypeCode_CodeList', 0, 'C', 540, 1, 0, 0, 0, NULL, 0);
INSERT INTO elements (el_id, el_name, el_short_name, md_standard, form_code, from_codelist, only_value, form_ignore, form_pack, multi_lang, choice, is_atrib) VALUES (666, 'DS_AssociationTypeCode', 'DS_AssociationTypeCode_CodeList', 0, 'C', 664, 1, 0, 0, 0, NULL, 0);
INSERT INTO elements (el_id, el_name, el_short_name, md_standard, form_code, from_codelist, only_value, form_ignore, form_pack, multi_lang, choice, is_atrib) VALUES (1842, 'MD_GeometricObjectTypeCode_DomainCodes', 'MD_GeometricObjectTypeCode_DomainCodes', 0, 'T', NULL, 0, 1, 0, 0, NULL, 0);
INSERT INTO elements (el_id, el_name, el_short_name, md_standard, form_code, from_codelist, only_value, form_ignore, form_pack, multi_lang, choice, is_atrib) VALUES (668, 'DS_InitiativeTypeCode', 'DS_InitiativeTypeCode_CodeList', 0, 'C', 665, 1, 0, 0, 0, NULL, 0);
INSERT INTO elements (el_id, el_name, el_short_name, md_standard, form_code, from_codelist, only_value, form_ignore, form_pack, multi_lang, choice, is_atrib) VALUES (1772, 'MD_TopologyLevelCode_DomainCodes', 'MD_TopologyLevelCode_DomainCodes', 0, 'T', NULL, 0, 1, 0, 0, NULL, 0);
INSERT INTO elements (el_id, el_name, el_short_name, md_standard, form_code, from_codelist, only_value, form_ignore, form_pack, multi_lang, choice, is_atrib) VALUES (1600, 'cellGeometry', 'cellGeo', 0, 'T', NULL, 0, 0, 0, 0, NULL, 0);
INSERT INTO elements (el_id, el_name, el_short_name, md_standard, form_code, from_codelist, only_value, form_ignore, form_pack, multi_lang, choice, is_atrib) VALUES (1610, 'transformationParameterAvailability', 'tranParaAv', 0, 'C', 1, 0, 0, 0, 0, NULL, 0);
INSERT INTO elements (el_id, el_name, el_short_name, md_standard, form_code, from_codelist, only_value, form_ignore, form_pack, multi_lang, choice, is_atrib) VALUES (282, 'MD_ProgressCode_DomainCodes', 'MD_ProgressCode_DomainCodes', 0, 'T', NULL, 0, 1, 0, 0, NULL, 0);
INSERT INTO elements (el_id, el_name, el_short_name, md_standard, form_code, from_codelist, only_value, form_ignore, form_pack, multi_lang, choice, is_atrib) VALUES (701, 'MD_RestrictionCode', 'MD_RestrictionCode_CodeList', 0, 'C', 700, 1, 0, 0, 0, NULL, 0);
INSERT INTO elements (el_id, el_name, el_short_name, md_standard, form_code, from_codelist, only_value, form_ignore, form_pack, multi_lang, choice, is_atrib) VALUES (3950, 'dateType', 'refDateType', 0, 'T', NULL, 0, 0, 0, 0, NULL, 0);
INSERT INTO elements (el_id, el_name, el_short_name, md_standard, form_code, from_codelist, only_value, form_ignore, form_pack, multi_lang, choice, is_atrib) VALUES (711, 'MD_RestrictionCode', 'MD_RestrictionCode_CodeList', 0, 'C', 700, 1, 0, 0, 0, NULL, 0);
INSERT INTO elements (el_id, el_name, el_short_name, md_standard, form_code, from_codelist, only_value, form_ignore, form_pack, multi_lang, choice, is_atrib) VALUES (3952, 'CI_DateTypeCode_DomainCodes', 'CI_DateTypeCode_DomainCodes', 0, 'T', NULL, 0, 1, 0, 0, NULL, 0);
INSERT INTO elements (el_id, el_name, el_short_name, md_standard, form_code, from_codelist, only_value, form_ignore, form_pack, multi_lang, choice, is_atrib) VALUES (3682, 'CI_PresentationFormCode_DomainCodes', 'CI_PresentationFormCode_DomainCodes', 0, 'T', NULL, 0, 1, 0, 0, NULL, 0);
INSERT INTO elements (el_id, el_name, el_short_name, md_standard, form_code, from_codelist, only_value, form_ignore, form_pack, multi_lang, choice, is_atrib) VALUES (3263, 'Binary', '', 0, 'T', NULL, 0, 0, 0, 0, NULL, 0);
INSERT INTO elements (el_id, el_name, el_short_name, md_standard, form_code, from_codelist, only_value, form_ignore, form_pack, multi_lang, choice, is_atrib) VALUES (3260, 'softwareDevelopmentFile', 'asSwDevFile', 0, 'T', NULL, 0, 0, 0, 0, NULL, 0);
INSERT INTO elements (el_id, el_name, el_short_name, md_standard, form_code, from_codelist, only_value, form_ignore, form_pack, multi_lang, choice, is_atrib) VALUES (3800, 'CI_Address', 'Address', 0, 'T', NULL, 0, 1, 0, 0, NULL, 0);
INSERT INTO elements (el_id, el_name, el_short_name, md_standard, form_code, from_codelist, only_value, form_ignore, form_pack, multi_lang, choice, is_atrib) VALUES (3930, 'CI_Date', 'DateRef', 0, 'T', NULL, 0, 1, 0, 0, NULL, 0);
INSERT INTO elements (el_id, el_name, el_short_name, md_standard, form_code, from_codelist, only_value, form_ignore, form_pack, multi_lang, choice, is_atrib) VALUES (3740, 'CI_ResponsibleParty', 'RespParty', 0, 'T', NULL, 0, 1, 0, 0, NULL, 0);
INSERT INTO elements (el_id, el_name, el_short_name, md_standard, form_code, from_codelist, only_value, form_ignore, form_pack, multi_lang, choice, is_atrib) VALUES (3870, 'CI_Contact', 'Contact', 0, 'T', NULL, 0, 1, 0, 0, NULL, 0);
INSERT INTO elements (el_id, el_name, el_short_name, md_standard, form_code, from_codelist, only_value, form_ignore, form_pack, multi_lang, choice, is_atrib) VALUES (390, 'language', 'dataLang', 0, 'T', NULL, 0, 0, 0, 0, NULL, 0);
INSERT INTO elements (el_id, el_name, el_short_name, md_standard, form_code, from_codelist, only_value, form_ignore, form_pack, multi_lang, choice, is_atrib) VALUES (702, 'MD_RestrictionCode_DomainCodes', 'MD_RestrictionCode_DomainCodes', 0, 'C', 700, 1, 0, 0, 0, NULL, 0);
INSERT INTO elements (el_id, el_name, el_short_name, md_standard, form_code, from_codelist, only_value, form_ignore, form_pack, multi_lang, choice, is_atrib) VALUES (712, 'MD_RestrictionCode_DomainCodes', 'MD_RestrictionCode_DomainCodes', 0, 'C', 700, 1, 0, 0, 0, NULL, 0);
INSERT INTO elements (el_id, el_name, el_short_name, md_standard, form_code, from_codelist, only_value, form_ignore, form_pack, multi_lang, choice, is_atrib) VALUES (667, 'DS_AssociationTypeCode_DomainCodes', 'DS_AssociationTypeCode_DomainCodes', 0, 'C', 664, 1, 0, 0, 0, NULL, 0);
INSERT INTO elements (el_id, el_name, el_short_name, md_standard, form_code, from_codelist, only_value, form_ignore, form_pack, multi_lang, choice, is_atrib) VALUES (669, 'DS_InitiativeTypeCode_DomainCodes', 'DS_InitiativeTypeCode_DomainCodes', 0, 'C', 665, 1, 0, 0, 0, NULL, 0);
INSERT INTO elements (el_id, el_name, el_short_name, md_standard, form_code, from_codelist, only_value, form_ignore, form_pack, multi_lang, choice, is_atrib) VALUES (30011, 'LocalName', '', 0, 'T', NULL, 1, 0, 0, 0, NULL, 0);
INSERT INTO elements (el_id, el_name, el_short_name, md_standard, form_code, from_codelist, only_value, form_ignore, form_pack, multi_lang, choice, is_atrib) VALUES (380, 'spatialResolution', 'dataScale', 0, 'T', NULL, 0, 0, 1, 0, NULL, 0);
INSERT INTO elements (el_id, el_name, el_short_name, md_standard, form_code, from_codelist, only_value, form_ignore, form_pack, multi_lang, choice, is_atrib) VALUES (30300, 'coupledResource', 'coupledResource', 0, 'T', NULL, 0, 0, 0, 0, NULL, 0);
INSERT INTO elements (el_id, el_name, el_short_name, md_standard, form_code, from_codelist, only_value, form_ignore, form_pack, multi_lang, choice, is_atrib) VALUES (30320, 'ScopedName', 'ScopedName', 0, 'T', NULL, 0, 0, 0, 0, NULL, 0);
INSERT INTO elements (el_id, el_name, el_short_name, md_standard, form_code, from_codelist, only_value, form_ignore, form_pack, multi_lang, choice, is_atrib) VALUES (30310, 'SV_CoupledResource', 'SV_CoupledResource', 0, 'T', NULL, 0, 1, 0, 0, NULL, 0);
INSERT INTO elements (el_id, el_name, el_short_name, md_standard, form_code, from_codelist, only_value, form_ignore, form_pack, multi_lang, choice, is_atrib) VALUES (890, 'dateTime', 'stepDateTm', 0, 'D', NULL, 0, 0, 0, 0, NULL, 0);
INSERT INTO elements (el_id, el_name, el_short_name, md_standard, form_code, from_codelist, only_value, form_ignore, form_pack, multi_lang, choice, is_atrib) VALUES (170, 'distributionInfo', 'distInfo', 0, 'T', NULL, 0, 0, 1, 0, NULL, 0);
INSERT INTO elements (el_id, el_name, el_short_name, md_standard, form_code, from_codelist, only_value, form_ignore, form_pack, multi_lang, choice, is_atrib) VALUES (180, 'dataQualityInfo', 'dqInfo', 0, 'T', NULL, 0, 0, 1, 0, NULL, 0);
INSERT INTO elements (el_id, el_name, el_short_name, md_standard, form_code, from_codelist, only_value, form_ignore, form_pack, multi_lang, choice, is_atrib) VALUES (190, 'portrayalCatalogueInfo', 'porCatInfo', 0, 'T', NULL, 0, 0, 1, 0, NULL, 0);
INSERT INTO elements (el_id, el_name, el_short_name, md_standard, form_code, from_codelist, only_value, form_ignore, form_pack, multi_lang, choice, is_atrib) VALUES (200, 'metadataConstraints', 'mdConst', 0, 'T', NULL, 0, 0, 1, 0, NULL, 0);
INSERT INTO elements (el_id, el_name, el_short_name, md_standard, form_code, from_codelist, only_value, form_ignore, form_pack, multi_lang, choice, is_atrib) VALUES (210, 'applicationSchemaInfo', 'appSchInfo', 0, 'T', NULL, 0, 0, 1, 0, NULL, 0);
INSERT INTO elements (el_id, el_name, el_short_name, md_standard, form_code, from_codelist, only_value, form_ignore, form_pack, multi_lang, choice, is_atrib) VALUES (130, 'referenceSystemInfo', 'refSysInfo', 0, 'T', NULL, 0, 0, 1, 0, NULL, 0);
INSERT INTO elements (el_id, el_name, el_short_name, md_standard, form_code, from_codelist, only_value, form_ignore, form_pack, multi_lang, choice, is_atrib) VALUES (240, 'citation', 'idCitation', 0, 'T', NULL, 0, 0, 1, 0, NULL, 0);
INSERT INTO elements (el_id, el_name, el_short_name, md_standard, form_code, from_codelist, only_value, form_ignore, form_pack, multi_lang, choice, is_atrib) VALUES (3370, 'temporalElement', 'tempEle', 0, 'T', NULL, 0, 0, 1, 0, NULL, 0);
INSERT INTO elements (el_id, el_name, el_short_name, md_standard, form_code, from_codelist, only_value, form_ignore, form_pack, multi_lang, choice, is_atrib) VALUES (3380, 'verticalElement', 'vertEle', 0, 'T', NULL, 0, 0, 1, 0, NULL, 0);
INSERT INTO elements (el_id, el_name, el_short_name, md_standard, form_code, from_codelist, only_value, form_ignore, form_pack, multi_lang, choice, is_atrib) VALUES (810, 'lineage', 'dataLineage', 0, 'T', NULL, 0, 0, 1, 0, NULL, 0);
INSERT INTO elements (el_id, el_name, el_short_name, md_standard, form_code, from_codelist, only_value, form_ignore, form_pack, multi_lang, choice, is_atrib) VALUES (560, 'MD_RepresentativeFraction', 'RepFract', 0, 'T', NULL, 0, 1, 0, 0, NULL, 0);
INSERT INTO elements (el_id, el_name, el_short_name, md_standard, form_code, from_codelist, only_value, form_ignore, form_pack, multi_lang, choice, is_atrib) VALUES (1353, 'UomLength', 'UomLength', 0, 'R', NULL, 0, 0, 0, 0, NULL, 0);
INSERT INTO elements (el_id, el_name, el_short_name, md_standard, form_code, from_codelist, only_value, form_ignore, form_pack, multi_lang, choice, is_atrib) VALUES (1354, 'UomScale', 'UomScale', 0, 'R', NULL, 0, 0, 0, 0, NULL, 0);
INSERT INTO elements (el_id, el_name, el_short_name, md_standard, form_code, from_codelist, only_value, form_ignore, form_pack, multi_lang, choice, is_atrib) VALUES (1355, 'UomTime', 'UomTime', 0, 'R', NULL, 0, 0, 0, 0, NULL, 0);
INSERT INTO elements (el_id, el_name, el_short_name, md_standard, form_code, from_codelist, only_value, form_ignore, form_pack, multi_lang, choice, is_atrib) VALUES (1356, 'UomVelocity', 'UomVelocity', 0, 'R', NULL, 0, 0, 0, 0, NULL, 0);
INSERT INTO elements (el_id, el_name, el_short_name, md_standard, form_code, from_codelist, only_value, form_ignore, form_pack, multi_lang, choice, is_atrib) VALUES (1357, 'UomVolume', 'UomVolume', 0, 'R', NULL, 0, 0, 0, 0, NULL, 0);
INSERT INTO elements (el_id, el_name, el_short_name, md_standard, form_code, from_codelist, only_value, form_ignore, form_pack, multi_lang, choice, is_atrib) VALUES (3360, 'geographicElement', 'geoEle', 0, 'T', NULL, 0, 0, 1, 0, NULL, 0);
INSERT INTO elements (el_id, el_name, el_short_name, md_standard, form_code, from_codelist, only_value, form_ignore, form_pack, multi_lang, choice, is_atrib) VALUES (3410, 'EX_BoundingPolygon', 'BoundPoly', 0, 'R', NULL, 0, 0, 0, 0, NULL, 0);
INSERT INTO elements (el_id, el_name, el_short_name, md_standard, form_code, from_codelist, only_value, form_ignore, form_pack, multi_lang, choice, is_atrib) VALUES (3430, 'EX_GeographicBoundingBox', 'GeoBndBox', 0, 'R', NULL, 0, 0, 0, 0, NULL, 0);
INSERT INTO elements (el_id, el_name, el_short_name, md_standard, form_code, from_codelist, only_value, form_ignore, form_pack, multi_lang, choice, is_atrib) VALUES (3480, 'EX_GeographicDescription', 'GeoDesc', 0, 'R', NULL, 0, 0, 0, 0, NULL, 0);
INSERT INTO elements (el_id, el_name, el_short_name, md_standard, form_code, from_codelist, only_value, form_ignore, form_pack, multi_lang, choice, is_atrib) VALUES (3510, 'extent', 'exTemp', 0, 'T', NULL, 0, 1, 0, 0, NULL, 0);
INSERT INTO elements (el_id, el_name, el_short_name, md_standard, form_code, from_codelist, only_value, form_ignore, form_pack, multi_lang, choice, is_atrib) VALUES (5102, 'TimePeriod', 'gml:TimePeriod', 0, 'R', NULL, 0, 0, 0, 0, NULL, 0);
INSERT INTO elements (el_id, el_name, el_short_name, md_standard, form_code, from_codelist, only_value, form_ignore, form_pack, multi_lang, choice, is_atrib) VALUES (24070, 'CI_Telephone', 'Telephone', 2, 'T', NULL, 0, 1, 0, 0, NULL, 0);
INSERT INTO elements (el_id, el_name, el_short_name, md_standard, form_code, from_codelist, only_value, form_ignore, form_pack, multi_lang, choice, is_atrib) VALUES (23960, 'CI_OnlineResource', 'OnlineRes', 2, 'T', NULL, 0, 1, 0, 0, NULL, 0);
INSERT INTO elements (el_id, el_name, el_short_name, md_standard, form_code, from_codelist, only_value, form_ignore, form_pack, multi_lang, choice, is_atrib) VALUES (23800, 'CI_Address', 'Address', 2, 'T', NULL, 0, 1, 0, 0, NULL, 0);
INSERT INTO elements (el_id, el_name, el_short_name, md_standard, form_code, from_codelist, only_value, form_ignore, form_pack, multi_lang, choice, is_atrib) VALUES (23740, 'CI_ResponsibleParty', 'RespParty', 2, 'T', NULL, 0, 1, 0, 0, NULL, 0);
INSERT INTO elements (el_id, el_name, el_short_name, md_standard, form_code, from_codelist, only_value, form_ignore, form_pack, multi_lang, choice, is_atrib) VALUES (23870, 'CI_Contact', 'Contact', 2, 'T', NULL, 0, 1, 0, 0, NULL, 0);
INSERT INTO elements (el_id, el_name, el_short_name, md_standard, form_code, from_codelist, only_value, form_ignore, form_pack, multi_lang, choice, is_atrib) VALUES (6021, 'platform', 'platformId', 0, 'T', NULL, 0, 0, 0, 0, NULL, 0);
INSERT INTO elements (el_id, el_name, el_short_name, md_standard, form_code, from_codelist, only_value, form_ignore, form_pack, multi_lang, choice, is_atrib) VALUES (6040, 'MI_Platform', 'PltfrmId', 0, 'T', NULL, 0, 1, 0, 0, NULL, 0);
INSERT INTO elements (el_id, el_name, el_short_name, md_standard, form_code, from_codelist, only_value, form_ignore, form_pack, multi_lang, choice, is_atrib) VALUES (6020, 'MI_AcquisitionInformation', 'AquisitInfo', 0, 'T', NULL, 0, 1, 0, 0, NULL, 0);
INSERT INTO elements (el_id, el_name, el_short_name, md_standard, form_code, from_codelist, only_value, form_ignore, form_pack, multi_lang, choice, is_atrib) VALUES (6041, 'instrument', 'pltInstr', 0, 'T', NULL, 0, 0, 1, 0, NULL, 0);
INSERT INTO elements (el_id, el_name, el_short_name, md_standard, form_code, from_codelist, only_value, form_ignore, form_pack, multi_lang, choice, is_atrib) VALUES (6060, 'MI_Instrument', 'InstrumentId', 0, 'T', NULL, 0, 1, 0, 0, NULL, 0);
INSERT INTO elements (el_id, el_name, el_short_name, md_standard, form_code, from_codelist, only_value, form_ignore, form_pack, multi_lang, choice, is_atrib) VALUES (1590, 'axisDimensionProperties', 'axDimProps', 0, 'T', NULL, 0, 0, 0, 0, NULL, 0);
INSERT INTO elements (el_id, el_name, el_short_name, md_standard, form_code, from_codelist, only_value, form_ignore, form_pack, multi_lang, choice, is_atrib) VALUES (6010, 'acquisitionInformation', 'acquisitionInf', 0, 'T', NULL, 0, 0, 1, 0, NULL, 0);
INSERT INTO elements (el_id, el_name, el_short_name, md_standard, form_code, from_codelist, only_value, form_ignore, form_pack, multi_lang, choice, is_atrib) VALUES (20, 'fileIdentifier', 'mdFileID', 0, 'T', NULL, 0, 0, 0, 0, NULL, 0);
INSERT INTO elements (el_id, el_name, el_short_name, md_standard, form_code, from_codelist, only_value, form_ignore, form_pack, multi_lang, choice, is_atrib) VALUES (2990, 'fees', 'resFees', 0, 'T', NULL, 0, 0, 0, 1, NULL, 0);
INSERT INTO elements (el_id, el_name, el_short_name, md_standard, form_code, from_codelist, only_value, form_ignore, form_pack, multi_lang, choice, is_atrib) VALUES (7001, 'id', 'id', 0, 'T', NULL, 0, 0, 0, 0, NULL, 1);
INSERT INTO elements (el_id, el_name, el_short_name, md_standard, form_code, from_codelist, only_value, form_ignore, form_pack, multi_lang, choice, is_atrib) VALUES (3801, 'id', 'id', 0, 'T', NULL, 0, 0, 0, 0, NULL, 0);
INSERT INTO elements (el_id, el_name, el_short_name, md_standard, form_code, from_codelist, only_value, form_ignore, form_pack, multi_lang, choice, is_atrib) VALUES (1450, 'userDefinedMaintenanceFrequency', 'usrDefFreq', 0, 'T', NULL, 0, 0, 0, 0, NULL, 0);
INSERT INTO elements (el_id, el_name, el_short_name, md_standard, form_code, from_codelist, only_value, form_ignore, form_pack, multi_lang, choice, is_atrib) VALUES (470, 'SV_ServiceIdentification', 'SerIdent', 0, 'T', NULL, 0, 1, 0, 0, NULL, 0);
INSERT INTO elements (el_id, el_name, el_short_name, md_standard, form_code, from_codelist, only_value, form_ignore, form_pack, multi_lang, choice, is_atrib) VALUES (20020, 'language', 'mdLang', 2, 'T', NULL, 0, 0, 0, 0, NULL, 0);
INSERT INTO elements (el_id, el_name, el_short_name, md_standard, form_code, from_codelist, only_value, form_ignore, form_pack, multi_lang, choice, is_atrib) VALUES (20021, 'LanguageCode', 'LanguageCode', 2, 'C', -390, 1, 0, 0, 0, NULL, 0);
INSERT INTO elements (el_id, el_name, el_short_name, md_standard, form_code, from_codelist, only_value, form_ignore, form_pack, multi_lang, choice, is_atrib) VALUES (20041, 'cardinality', '', 2, 'N', NULL, 0, 1, 0, 0, NULL, 0);
INSERT INTO elements (el_id, el_name, el_short_name, md_standard, form_code, from_codelist, only_value, form_ignore, form_pack, multi_lang, choice, is_atrib) VALUES (50, 'parentIdentifier', 'mdParentID', 0, 'T', NULL, 0, 0, 0, 0, NULL, 0);

-- Table MANDATORY
INSERT INTO mandatory (mandt_code, text) VALUES ('o', 'optional');
INSERT INTO mandatory (mandt_code, text) VALUES ('m', 'mandatory');
INSERT INTO mandatory (mandt_code, text) VALUES ('M', 'mandatory always');
INSERT INTO mandatory (mandt_code, text) VALUES ('c', 'conditions');

-- Table PACKAGES
INSERT INTO packages (package_id, package_order, package_name, md_id, md_standard) VALUES (1, 1, 'MD_Identification', 4751, 0);
INSERT INTO packages (package_id, package_order, package_name, md_id, md_standard) VALUES (3, 3, 'DQ_DataQuality', 50, 0);
INSERT INTO packages (package_id, package_order, package_name, md_id, md_standard) VALUES (5, 5, 'MD_SpatialRepresentation', 105, 0);
INSERT INTO packages (package_id, package_order, package_name, md_id, md_standard) VALUES (6, 6, 'MD_ReferenceSystem', 8, 0);
INSERT INTO packages (package_id, package_order, package_name, md_id, md_standard) VALUES (7, 7, 'MD_ContentInformation', 107, 0);
INSERT INTO packages (package_id, package_order, package_name, md_id, md_standard) VALUES (8, 8, 'MD_PortrayalCatalogueReference', 178, 0);
INSERT INTO packages (package_id, package_order, package_name, md_id, md_standard) VALUES (9, 9, 'MD_Distribution', 5289, 0);
INSERT INTO packages (package_id, package_order, package_name, md_id, md_standard) VALUES (10, 10, 'MD_MetadataExtensionInformation', 177, 0);
INSERT INTO packages (package_id, package_order, package_name, md_id, md_standard) VALUES (11, 11, 'MD_ApplicationSchemaInformation', 180, 0);
INSERT INTO packages (package_id, package_order, package_name, md_id, md_standard) VALUES (0, 12, 'MD_Metadata', 0, 0);
INSERT INTO packages (package_id, package_order, package_name, md_id, md_standard) VALUES (12, 1, 'DublinCore', 0, 1);
INSERT INTO packages (package_id, package_order, package_name, md_id, md_standard) VALUES (13, 1, 'FeatureCatalog', 0, 2);

-- Table STANDARD
INSERT INTO standard (md_standard, md_standard_order, md_standard_name, md_standard_short_name, is_vis) VALUES (0, 1, 'ISO 19115', 'MD', 1);
INSERT INTO standard (md_standard, md_standard_order, md_standard_name, md_standard_short_name, is_vis) VALUES (10, 2, 'ISO 19119', 'MS', 1);
INSERT INTO standard (md_standard, md_standard_order, md_standard_name, md_standard_short_name, is_vis) VALUES (1, 3, 'DUBLIN CORE', 'DC', 1);
INSERT INTO standard (md_standard, md_standard_order, md_standard_name, md_standard_short_name, is_vis) VALUES (2, 4, 'ISO FC', 'FC', 1);

-- Table USERS
INSERT INTO users (username, password, role_editor, role_publisher, role_admin, role_root, groups) VALUES ('admin', '$2y$10$IMSJPUvAZW1Lk4aMk0mZ/.S3WTRQ9IA2KGcYhO7YfakAy6OaQXtWS', true, true, true, true, 'admin,reader,editor');
INSERT INTO users (username, password, role_editor, role_publisher, role_admin, role_root, groups) VALUES ('reader', '$2y$10$FQSZ1MJ71v40y0bNM0EV6OLZqjUON69c0oh6BcfODdloG.T9Triq2', false, false, false, false, 'reader');
INSERT INTO users (username, password, role_editor, role_publisher, role_admin, role_root, groups) VALUES ('editor', '$2y$10$NkpqeZM7PZuNprkgBJadG.ai6yBxq/HHLyiwY.osSkk/ej2O5LHUS', true, true, false, false, 'reader,editor');

